#
# There is insufficient memory for the Java Runtime Environment to continue.
# Native memory allocation (mmap) failed to map 61865984 bytes. Error detail: G1 virtual space
# Possible reasons:
#   The system is out of physical RAM or swap space
#   This process is running with CompressedOops enabled, and the Java Heap may be blocking the growth of the native heap
# Possible solutions:
#   Reduce memory load on the system
#   Increase physical memory or swap space
#   Check if swap backing store is full
#   Decrease Java heap size (-Xmx/-Xms)
#   Decrease number of Java threads
#   Decrease Java thread stack sizes (-Xss)
#   Set larger code cache with -XX:ReservedCodeCacheSize=
#   JVM is running with Unscaled Compressed Oops mode in which the Java heap is
#     placed in the first 4GB address space. The Java Heap base address is the
#     maximum limit for the native heap growth. Please use -XX:HeapBaseMinAddress
#     to set the Java Heap base and to place the Java Heap above 4GB virtual address.
# This output file may be truncated or incomplete.
#
#  Out of Memory Error (os_windows.cpp:3925), pid=10648, tid=9452
#
# JRE version: OpenJDK Runtime Environment (21.0.9) (build 21.0.9+-14649483-b1163.86)
# Java VM: OpenJDK 64-Bit Server VM (21.0.9+-14649483-b1163.86, mixed mode, tiered, compressed oops, compressed class ptrs, g1 gc, windows-amd64)
# No core dump will be written. Minidumps are not enabled by default on client versions of Windows
#

---------------  S U M M A R Y ------------

Command Line: --add-opens=java.base/java.lang=ALL-UNNAMED --add-opens=java.base/java.lang.invoke=ALL-UNNAMED --add-opens=java.base/java.util=ALL-UNNAMED --add-opens=java.prefs/java.util.prefs=ALL-UNNAMED --add-exports=jdk.compiler/com.sun.tools.javac.api=ALL-UNNAMED --add-exports=jdk.compiler/com.sun.tools.javac.util=ALL-UNNAMED --add-opens=java.base/java.util=ALL-UNNAMED --add-opens=java.prefs/java.util.prefs=ALL-UNNAMED --add-opens=java.base/java.nio.charset=ALL-UNNAMED --add-opens=java.base/java.net=ALL-UNNAMED --add-opens=java.base/java.util.concurrent=ALL-UNNAMED --add-opens=java.base/java.util.concurrent.atomic=ALL-UNNAMED --add-opens=java.xml/javax.xml.namespace=ALL-UNNAMED --add-opens=java.base/java.time=ALL-UNNAMED -Xmx2048m -Dfile.encoding=UTF-8 -Duser.country=US -Duser.language=en -Duser.variant -javaagent:C:\Users\Administrator\.gradle\wrapper\dists\gradle-9.2.1-bin\2t0n5ozlw9xmuyvbp7dnzaxug\gradle-9.2.1\lib\agents\gradle-instrumentation-agent-9.2.1.jar org.gradle.launcher.daemon.bootstrap.GradleDaemon 9.2.1

Host: Intel(R) Core(TM) i5-8265U CPU @ 1.60GHz, 8 cores, 7G,  Windows 11 , 64 bit Build 26100 (10.0.26100.8115)
Time: Fri Apr 10 12:16:02 2026 E. Africa Standard Time elapsed time: 1886.525656 seconds (0d 0h 31m 26s)

---------------  T H R E A D  ---------------

Current thread (0x000001cba858e550):  VMThread "VM Thread"          [id=9452, stack(0x0000004af1400000,0x0000004af1500000) (1024K)]

Stack: [0x0000004af1400000,0x0000004af1500000]
Native frames: (J=compiled Java code, j=interpreted, Vv=VM code, C=native code)
V  [jvm.dll+0x6d6c99]
V  [jvm.dll+0x866b83]
V  [jvm.dll+0x86919e]
V  [jvm.dll+0x869883]
V  [jvm.dll+0x280776]
V  [jvm.dll+0x6d3555]
V  [jvm.dll+0x6c6bea]
V  [jvm.dll+0x3587fb]
V  [jvm.dll+0x360476]
V  [jvm.dll+0x3b2646]
V  [jvm.dll+0x3b2918]
V  [jvm.dll+0x32af0c]
V  [jvm.dll+0x32d916]
V  [jvm.dll+0x3377ed]
V  [jvm.dll+0x36ef55]
V  [jvm.dll+0x86f608]
V  [jvm.dll+0x870984]
V  [jvm.dll+0x870ec0]
V  [jvm.dll+0x871153]
V  [jvm.dll+0x80f118]
V  [jvm.dll+0x6d54ed]
C  [ucrtbase.dll+0x37b0]
C  [KERNEL32.DLL+0x2e8d7]
C  [ntdll.dll+0x8c3fc]

VM_Operation (0x0000004af0fffa10): G1PauseRemark, mode: safepoint, requested by thread 0x000001cb90ee3fd0


---------------  P R O C E S S  ---------------

Threads class SMR info:
_java_thread_list=0x000001cbb267acb0, length=69, elements={
0x000001cb8ea73740, 0x000001cba86f8ac0, 0x000001cba86f9cd0, 0x000001cba8733310,
0x000001cba874fe90, 0x000001cba8759010, 0x000001cba8759680, 0x000001cba875a0e0,
0x000001cba876be90, 0x000001cba876c930, 0x000001cba8a60280, 0x000001cbadd7d650,
0x000001cbaf282dd0, 0x000001cbaeef4500, 0x000001cbaf519060, 0x000001cbaf5196f0,
0x000001cbaf517620, 0x000001cbb0e976c0, 0x000001cbb0e969a0, 0x000001cbb0e98a70,
0x000001cbb0e99100, 0x000001cbb0e95c80, 0x000001cbb0e97030, 0x000001cbb0e97d50,
0x000001cbb0e99790, 0x000001cbb0e96310, 0x000001cbb0e9b860, 0x000001cbb0e9bef0,
0x000001cbb20ece90, 0x000001cbb1396810, 0x000001cbb1393390, 0x000001cbb3482c90,
0x000001cbb34839b0, 0x000001cbb3483320, 0x000001cbb3484040, 0x000001cbb3484d60,
0x000001cbb34853f0, 0x000001cbb3481f70, 0x000001cbb3485a80, 0x000001cbb3488870,
0x000001cbb34867a0, 0x000001cbb3488f00, 0x000001cbb3489590, 0x000001cbb8dd29d0,
0x000001cbb8dcfbe0, 0x000001cbb8dd3060, 0x000001cbb8dd36f0, 0x000001cbb8dd0270,
0x000001cbb8dd6b70, 0x000001cbb8dd5130, 0x000001cbb8dd57c0, 0x000001cbb8dd4aa0,
0x000001cbb8dd4410, 0x000001cbb8dd3d80, 0x000001cbb8dd7f20, 0x000001cbb8dd7200,
0x000001cbb8dd85b0, 0x000001cbb8dd7890, 0x000001cbb8dd8c40, 0x000001cbb8dd5e50,
0x000001cbb8dd9960, 0x000001cbb8dd64e0, 0x000001cbb8ddad10, 0x000001cbb8dd9ff0,
0x000001cbb8dda680, 0x000001cbb8ddb3a0, 0x000001cbb8dce1a0, 0x000001cbb2844e30,
0x000001cbb28439c0
}

Java Threads: ( => current thread )
  0x000001cb8ea73740 JavaThread "main"                              [_thread_blocked, id=12560, stack(0x0000004af0d00000,0x0000004af0e00000) (1024K)]
  0x000001cba86f8ac0 JavaThread "Common-Cleaner"             daemon [_thread_blocked, id=3516, stack(0x0000004af1500000,0x0000004af1600000) (1024K)]
  0x000001cba86f9cd0 JavaThread "Reference Handler"          daemon [_thread_blocked, id=6336, stack(0x0000004af1600000,0x0000004af1700000) (1024K)]
  0x000001cba8733310 JavaThread "Finalizer"                  daemon [_thread_blocked, id=17272, stack(0x0000004af1700000,0x0000004af1800000) (1024K)]
  0x000001cba874fe90 JavaThread "Signal Dispatcher"          daemon [_thread_blocked, id=18108, stack(0x0000004af1800000,0x0000004af1900000) (1024K)]
  0x000001cba8759010 JavaThread "Attach Listener"            daemon [_thread_blocked, id=4200, stack(0x0000004af1900000,0x0000004af1a00000) (1024K)]
  0x000001cba8759680 JavaThread "Service Thread"             daemon [_thread_blocked, id=7076, stack(0x0000004af1a00000,0x0000004af1b00000) (1024K)]
  0x000001cba875a0e0 JavaThread "Monitor Deflation Thread"   daemon [_thread_blocked, id=6784, stack(0x0000004af1b00000,0x0000004af1c00000) (1024K)]
  0x000001cba876be90 JavaThread "C2 CompilerThread0"         daemon [_thread_blocked, id=11472, stack(0x0000004af1c00000,0x0000004af1d00000) (1024K)]
  0x000001cba876c930 JavaThread "C1 CompilerThread0"         daemon [_thread_blocked, id=12300, stack(0x0000004af1d00000,0x0000004af1e00000) (1024K)]
  0x000001cba8a60280 JavaThread "Notification Thread"        daemon [_thread_blocked, id=20792, stack(0x0000004af1e00000,0x0000004af1f00000) (1024K)]
  0x000001cbadd7d650 JavaThread "Daemon health stats"               [_thread_blocked, id=11884, stack(0x0000004af2400000,0x0000004af2500000) (1024K)]
  0x000001cbaf282dd0 JavaThread "Incoming local TCP Connector on port 53368"        [_thread_in_native, id=788, stack(0x0000004af2800000,0x0000004af2900000) (1024K)]
  0x000001cbaeef4500 JavaThread "Daemon periodic checks"            [_thread_blocked, id=21364, stack(0x0000004af2900000,0x0000004af2a00000) (1024K)]
  0x000001cbaf519060 JavaThread "Cache worker for journal cache (C:\Users\Administrator\.gradle\caches\journal-1)"        [_thread_blocked, id=19804, stack(0x0000004af3200000,0x0000004af3300000) (1024K)]
  0x000001cbaf5196f0 JavaThread "File lock request listener"        [_thread_in_native, id=308, stack(0x0000004af3300000,0x0000004af3400000) (1024K)]
  0x000001cbaf517620 JavaThread "Cache worker for file hash cache (C:\Users\Administrator\.gradle\caches\9.2.1\fileHashes)"        [_thread_blocked, id=1920, stack(0x0000004af3400000,0x0000004af3500000) (1024K)]
  0x000001cbb0e976c0 JavaThread "File watcher server"        daemon [_thread_in_native, id=7836, stack(0x0000004af3700000,0x0000004af3800000) (1024K)]
  0x000001cbb0e969a0 JavaThread "File watcher consumer"      daemon [_thread_blocked, id=19496, stack(0x0000004af3800000,0x0000004af3900000) (1024K)]
  0x000001cbb0e98a70 JavaThread "jar transforms"                    [_thread_blocked, id=17436, stack(0x0000004af3900000,0x0000004af3a00000) (1024K)]
  0x000001cbb0e99100 JavaThread "jar transforms Thread 2"           [_thread_blocked, id=15796, stack(0x0000004af3a00000,0x0000004af3b00000) (1024K)]
  0x000001cbb0e95c80 JavaThread "jar transforms Thread 3"           [_thread_blocked, id=22152, stack(0x0000004af3b00000,0x0000004af3c00000) (1024K)]
  0x000001cbb0e97030 JavaThread "jar transforms Thread 4"           [_thread_blocked, id=2044, stack(0x0000004af3c00000,0x0000004af3d00000) (1024K)]
  0x000001cbb0e97d50 JavaThread "jar transforms Thread 5"           [_thread_blocked, id=1572, stack(0x0000004af3d00000,0x0000004af3e00000) (1024K)]
  0x000001cbb0e99790 JavaThread "jar transforms Thread 6"           [_thread_blocked, id=15404, stack(0x0000004af3e00000,0x0000004af3f00000) (1024K)]
  0x000001cbb0e96310 JavaThread "jar transforms Thread 7"           [_thread_blocked, id=8180, stack(0x0000004af3f00000,0x0000004af4000000) (1024K)]
  0x000001cbb0e9b860 JavaThread "jar transforms Thread 8"           [_thread_blocked, id=15308, stack(0x0000004af4000000,0x0000004af4100000) (1024K)]
  0x000001cbb0e9bef0 JavaThread "Cache worker for file content cache (C:\Users\Administrator\.gradle\caches\9.2.1\fileContent)"        [_thread_blocked, id=4612, stack(0x0000004af4200000,0x0000004af4300000) (1024K)]
  0x000001cbb20ece90 JavaThread "Memory manager"                    [_thread_blocked, id=15112, stack(0x0000004af6800000,0x0000004af6900000) (1024K)]
  0x000001cbb1396810 JavaThread "Daemon Thread 5"                   [_thread_blocked, id=17876, stack(0x0000004af0a00000,0x0000004af0b00000) (1024K)]
  0x000001cbb1393390 JavaThread "Handler for socket connection from /127.0.0.1:53368 to /127.0.0.1:51153"        [_thread_in_native, id=16968, stack(0x0000004af0b00000,0x0000004af0c00000) (1024K)]
  0x000001cbb3482c90 JavaThread "Cancel handler"                    [_thread_blocked, id=8008, stack(0x0000004af0c00000,0x0000004af0d00000) (1024K)]
  0x000001cbb34839b0 JavaThread "Daemon worker Thread 4"            [_thread_blocked, id=11900, stack(0x0000004af1f00000,0x0000004af2000000) (1024K)]
  0x000001cbb3483320 JavaThread "Asynchronous log dispatcher for DefaultDaemonConnection: socket connection from /127.0.0.1:53368 to /127.0.0.1:51153"        [_thread_blocked, id=22836, stack(0x0000004af2a00000,0x0000004af2b00000) (1024K)]
  0x000001cbb3484040 JavaThread "Stdin handler"                     [_thread_blocked, id=11736, stack(0x0000004af2b00000,0x0000004af2c00000) (1024K)]
  0x000001cbb3484d60 JavaThread "Daemon client event forwarder"        [_thread_blocked, id=6424, stack(0x0000004af2d00000,0x0000004af2e00000) (1024K)]
  0x000001cbb34853f0 JavaThread "Cache worker for file hash cache (C:\Users\Administrator\AndroidStudioProjects\CustomTicketGeneratorApp6\.gradle\9.2.1\fileHashes)"        [_thread_blocked, id=16680, stack(0x0000004af2e00000,0x0000004af2f00000) (1024K)]
  0x000001cbb3481f70 JavaThread "Cache worker for Build Output Cleanup Cache (C:\Users\Administrator\AndroidStudioProjects\CustomTicketGeneratorApp6\.gradle\buildOutputCleanup)"        [_thread_blocked, id=2300, stack(0x0000004af2f00000,0x0000004af3000000) (1024K)]
  0x000001cbb3485a80 JavaThread "Cache worker for checksums cache (C:\Users\Administrator\AndroidStudioProjects\CustomTicketGeneratorApp6\.gradle\9.2.1\checksums)"        [_thread_blocked, id=8504, stack(0x0000004af3000000,0x0000004af3100000) (1024K)]
  0x000001cbb3488870 JavaThread "Cache worker for cache directory md-supplier (C:\Users\Administrator\.gradle\caches\9.2.1\md-supplier)"        [_thread_blocked, id=8336, stack(0x0000004af3100000,0x0000004af3200000) (1024K)]
  0x000001cbb34867a0 JavaThread "Cache worker for cache directory md-rule (C:\Users\Administrator\.gradle\caches\9.2.1\md-rule)"        [_thread_blocked, id=6796, stack(0x0000004af3500000,0x0000004af3600000) (1024K)]
  0x000001cbb3488f00 JavaThread "Unconstrained build operations"        [_thread_blocked, id=19448, stack(0x0000004af3600000,0x0000004af3700000) (1024K)]
  0x000001cbb3489590 JavaThread "Unconstrained build operations Thread 2"        [_thread_blocked, id=13152, stack(0x0000004af4100000,0x0000004af4200000) (1024K)]
  0x000001cbb8dd29d0 JavaThread "Unconstrained build operations Thread 3"        [_thread_blocked, id=11052, stack(0x0000004af4300000,0x0000004af4400000) (1024K)]
  0x000001cbb8dcfbe0 JavaThread "Unconstrained build operations Thread 4"        [_thread_blocked, id=7396, stack(0x0000004af4400000,0x0000004af4500000) (1024K)]
  0x000001cbb8dd3060 JavaThread "Unconstrained build operations Thread 5"        [_thread_blocked, id=14076, stack(0x0000004af4500000,0x0000004af4600000) (1024K)]
  0x000001cbb8dd36f0 JavaThread "Unconstrained build operations Thread 6"        [_thread_blocked, id=16520, stack(0x0000004af4600000,0x0000004af4700000) (1024K)]
  0x000001cbb8dd0270 JavaThread "Unconstrained build operations Thread 7"        [_thread_blocked, id=11732, stack(0x0000004af4700000,0x0000004af4800000) (1024K)]
  0x000001cbb8dd6b70 JavaThread "Unconstrained build operations Thread 8"        [_thread_blocked, id=3456, stack(0x0000004af4800000,0x0000004af4900000) (1024K)]
  0x000001cbb8dd5130 JavaThread "Unconstrained build operations Thread 9"        [_thread_blocked, id=13856, stack(0x0000004af4900000,0x0000004af4a00000) (1024K)]
  0x000001cbb8dd57c0 JavaThread "Unconstrained build operations Thread 10"        [_thread_blocked, id=10348, stack(0x0000004af4b00000,0x0000004af4c00000) (1024K)]
  0x000001cbb8dd4aa0 JavaThread "Unconstrained build operations Thread 11"        [_thread_blocked, id=21444, stack(0x0000004af4c00000,0x0000004af4d00000) (1024K)]
  0x000001cbb8dd4410 JavaThread "Unconstrained build operations Thread 12"        [_thread_blocked, id=9948, stack(0x0000004af4d00000,0x0000004af4e00000) (1024K)]
  0x000001cbb8dd3d80 JavaThread "Unconstrained build operations Thread 13"        [_thread_blocked, id=15556, stack(0x0000004af4e00000,0x0000004af4f00000) (1024K)]
  0x000001cbb8dd7f20 JavaThread "Unconstrained build operations Thread 14"        [_thread_blocked, id=10184, stack(0x0000004af4f00000,0x0000004af5000000) (1024K)]
  0x000001cbb8dd7200 JavaThread "Unconstrained build operations Thread 15"        [_thread_blocked, id=11012, stack(0x0000004af5000000,0x0000004af5100000) (1024K)]
  0x000001cbb8dd85b0 JavaThread "Unconstrained build operations Thread 16"        [_thread_blocked, id=18444, stack(0x0000004af5100000,0x0000004af5200000) (1024K)]
  0x000001cbb8dd7890 JavaThread "Unconstrained build operations Thread 17"        [_thread_blocked, id=20256, stack(0x0000004af5200000,0x0000004af5300000) (1024K)]
  0x000001cbb8dd8c40 JavaThread "Unconstrained build operations Thread 18"        [_thread_blocked, id=19200, stack(0x0000004af5300000,0x0000004af5400000) (1024K)]
  0x000001cbb8dd5e50 JavaThread "Unconstrained build operations Thread 19"        [_thread_blocked, id=17548, stack(0x0000004af5400000,0x0000004af5500000) (1024K)]
  0x000001cbb8dd9960 JavaThread "Unconstrained build operations Thread 20"        [_thread_blocked, id=1016, stack(0x0000004af5500000,0x0000004af5600000) (1024K)]
  0x000001cbb8dd64e0 JavaThread "Unconstrained build operations Thread 21"        [_thread_blocked, id=12540, stack(0x0000004af5600000,0x0000004af5700000) (1024K)]
  0x000001cbb8ddad10 JavaThread "Unconstrained build operations Thread 22"        [_thread_blocked, id=11648, stack(0x0000004af5700000,0x0000004af5800000) (1024K)]
  0x000001cbb8dd9ff0 JavaThread "Unconstrained build operations Thread 23"        [_thread_blocked, id=17032, stack(0x0000004af5800000,0x0000004af5900000) (1024K)]
  0x000001cbb8dda680 JavaThread "Unconstrained build operations Thread 24"        [_thread_blocked, id=10780, stack(0x0000004af5900000,0x0000004af5a00000) (1024K)]
  0x000001cbb8ddb3a0 JavaThread "Unconstrained build operations Thread 25"        [_thread_blocked, id=19996, stack(0x0000004af5a00000,0x0000004af5b00000) (1024K)]
  0x000001cbb8dce1a0 JavaThread "Kotlin DSL Writer"                 [_thread_blocked, id=4060, stack(0x0000004af5c00000,0x0000004af5d00000) (1024K)]
  0x000001cbb2844e30 JavaThread "C2 CompilerThread1"         daemon [_thread_blocked, id=10608, stack(0x0000004af4a00000,0x0000004af4b00000) (1024K)]
  0x000001cbb28439c0 JavaThread "C2 CompilerThread2"         daemon [_thread_blocked, id=18116, stack(0x0000004af5b00000,0x0000004af5c00000) (1024K)]
Total: 69

Other Threads:
=>0x000001cba858e550 VMThread "VM Thread"                           [id=9452, stack(0x0000004af1400000,0x0000004af1500000) (1024K)]
  0x000001cba850a1a0 WatcherThread "VM Periodic Task Thread"        [id=11588, stack(0x0000004af1300000,0x0000004af1400000) (1024K)]
  0x000001cb90ed30e0 WorkerThread "GC Thread#0"                     [id=20408, stack(0x0000004af0e00000,0x0000004af0f00000) (1024K)]
  0x000001cbad3c7390 WorkerThread "GC Thread#1"                     [id=18608, stack(0x0000004af2000000,0x0000004af2100000) (1024K)]
  0x000001cbad26f210 WorkerThread "GC Thread#2"                     [id=1664, stack(0x0000004af2100000,0x0000004af2200000) (1024K)]
  0x000001cbad988460 WorkerThread "GC Thread#3"                     [id=12364, stack(0x0000004af2200000,0x0000004af2300000) (1024K)]
  0x000001cbade516b0 WorkerThread "GC Thread#4"                     [id=1320, stack(0x0000004af2300000,0x0000004af2400000) (1024K)]
  0x000001cbaf1ed6b0 WorkerThread "GC Thread#5"                     [id=23000, stack(0x0000004af2500000,0x0000004af2600000) (1024K)]
  0x000001cbaf1ec830 WorkerThread "GC Thread#6"                     [id=11944, stack(0x0000004af2600000,0x0000004af2700000) (1024K)]
  0x000001cbaf1ecf70 WorkerThread "GC Thread#7"                     [id=22780, stack(0x0000004af2700000,0x0000004af2800000) (1024K)]
  0x000001cb90ee3fd0 ConcurrentGCThread "G1 Main Marker"            [id=1388, stack(0x0000004af0f00000,0x0000004af1000000) (1024K)]
  0x000001cb90ee5820 WorkerThread "G1 Conc#0"                       [id=18664, stack(0x0000004af1000000,0x0000004af1100000) (1024K)]
  0x000001cbaf1ec0f0 WorkerThread "G1 Conc#1"                       [id=4712, stack(0x0000004af2c00000,0x0000004af2d00000) (1024K)]
  0x000001cb90f3e6d0 ConcurrentGCThread "G1 Refine#0"               [id=18132, stack(0x0000004af1100000,0x0000004af1200000) (1024K)]
  0x000001cba83e12d0 ConcurrentGCThread "G1 Service"                [id=22684, stack(0x0000004af1200000,0x0000004af1300000) (1024K)]
Total: 15

Threads with active compile tasks:
C2 CompilerThread2  1886594 17675   !   4       org.jetbrains.kotlin.cli.jvm.compiler.jarfs.FastJarHandler::<init> (551 bytes)
Total: 1

VM state: at safepoint (normal execution)

VM Mutex/Monitor currently owned by a thread:  ([mutex/lock_event])
[0x00007ff960d68690] Threads_lock - owner thread: 0x000001cba858e550
[0x00007ff960d68790] Heap_lock - owner thread: 0x000001cb90ee3fd0

Heap address: 0x0000000080000000, size: 2048 MB, Compressed Oops mode: 32-bit

CDS archive(s) not mapped
Compressed class space mapped at: 0x0000000100000000-0x0000000140000000, reserved size: 1073741824
Narrow klass base: 0x0000000000000000, Narrow klass shift: 3, Narrow klass range: 0x140000000

GC Precious Log:
 CardTable entry size: 512
 Card Set container configuration: InlinePtr #cards 5 size 8 Array Of Cards #cards 12 size 40 Howl #buckets 4 coarsen threshold 1843 Howl Bitmap #cards 512 size 80 coarsen threshold 460 Card regions per heap region 1 cards per card region 2048
 CPUs: 8 total, 8 available
 Memory: 7964M
 Large Page Support: Disabled
 NUMA Support: Disabled
 Compressed Oops: Enabled (32-bit)
 Heap Region Size: 1M
 Heap Min Capacity: 8M
 Heap Initial Capacity: 126M
 Heap Max Capacity: 2G
 Pre-touch: Disabled
 Parallel Workers: 8
 Concurrent Workers: 2
 Concurrent Refinement Workers: 8
 Periodic GC: Disabled

Heap:
 garbage-first heap   total 332800K, used 245214K [0x0000000080000000, 0x0000000100000000)
  region size 1024K, 25 young (25600K), 14 survivors (14336K)
 Metaspace       used 158389K, committed 160832K, reserved 1245184K
  class space    used 20550K, committed 21760K, reserved 1048576K

Heap Regions: E=young(eden), S=young(survivor), O=old, HS=humongous(starts), HC=humongous(continues), CS=collection set, F=free, TAMS=top-at-mark-start, PB=parsable bottom
|   0|0x0000000080000000, 0x0000000080100000, 0x0000000080100000|100%|HS|  |TAMS 0x0000000080100000| PB 0x0000000080000000| Complete 
|   1|0x0000000080100000, 0x0000000080200000, 0x0000000080200000|100%|HC|  |TAMS 0x0000000080200000| PB 0x0000000080100000| Complete 
|   2|0x0000000080200000, 0x0000000080300000, 0x0000000080300000|100%|HC|  |TAMS 0x0000000080300000| PB 0x0000000080200000| Complete 
|   3|0x0000000080300000, 0x0000000080400000, 0x0000000080400000|100%|HC|  |TAMS 0x0000000080400000| PB 0x0000000080300000| Complete 
|   4|0x0000000080400000, 0x0000000080500000, 0x0000000080500000|100%| O|  |TAMS 0x0000000080500000| PB 0x0000000080500000| Untracked 
|   5|0x0000000080500000, 0x0000000080600000, 0x0000000080600000|100%| O|  |TAMS 0x0000000080600000| PB 0x0000000080600000| Untracked 
|   6|0x0000000080600000, 0x0000000080700000, 0x0000000080700000|100%|HS|  |TAMS 0x0000000080700000| PB 0x0000000080600000| Complete 
|   7|0x0000000080700000, 0x0000000080800000, 0x0000000080800000|100%| O|  |TAMS 0x0000000080800000| PB 0x0000000080800000| Untracked 
|   8|0x0000000080800000, 0x0000000080900000, 0x0000000080900000|100%| O|  |TAMS 0x0000000080900000| PB 0x0000000080900000| Untracked 
|   9|0x0000000080900000, 0x0000000080a00000, 0x0000000080a00000|100%| O|  |TAMS 0x0000000080a00000| PB 0x0000000080a00000| Untracked 
|  10|0x0000000080a00000, 0x0000000080b00000, 0x0000000080b00000|100%| O|  |TAMS 0x0000000080b00000| PB 0x0000000080b00000| Untracked 
|  11|0x0000000080b00000, 0x0000000080c00000, 0x0000000080c00000|100%| O|  |TAMS 0x0000000080c00000| PB 0x0000000080c00000| Untracked 
|  12|0x0000000080c00000, 0x0000000080d00000, 0x0000000080d00000|100%| O|  |TAMS 0x0000000080d00000| PB 0x0000000080d00000| Untracked 
|  13|0x0000000080d00000, 0x0000000080e00000, 0x0000000080e00000|100%| O|  |TAMS 0x0000000080e00000| PB 0x0000000080e00000| Untracked 
|  14|0x0000000080e00000, 0x0000000080f00000, 0x0000000080f00000|100%| O|  |TAMS 0x0000000080f00000| PB 0x0000000080f00000| Untracked 
|  15|0x0000000080f00000, 0x0000000081000000, 0x0000000081000000|100%| O|  |TAMS 0x0000000081000000| PB 0x0000000081000000| Untracked 
|  16|0x0000000081000000, 0x0000000081100000, 0x0000000081100000|100%| O|  |TAMS 0x0000000081100000| PB 0x0000000081100000| Untracked 
|  17|0x0000000081100000, 0x0000000081200000, 0x0000000081200000|100%| O|  |TAMS 0x0000000081200000| PB 0x0000000081200000| Untracked 
|  18|0x0000000081200000, 0x0000000081300000, 0x0000000081300000|100%| O|  |TAMS 0x0000000081300000| PB 0x0000000081300000| Updating 
|  19|0x0000000081300000, 0x0000000081400000, 0x0000000081400000|100%| O|  |TAMS 0x0000000081400000| PB 0x0000000081400000| Updating 
|  20|0x0000000081400000, 0x0000000081500000, 0x0000000081500000|100%| O|  |TAMS 0x0000000081500000| PB 0x0000000081500000| Updating 
|  21|0x0000000081500000, 0x0000000081600000, 0x0000000081600000|100%| O|  |TAMS 0x0000000081600000| PB 0x0000000081600000| Updating 
|  22|0x0000000081600000, 0x0000000081700000, 0x0000000081700000|100%| O|  |TAMS 0x0000000081700000| PB 0x0000000081700000| Updating 
|  23|0x0000000081700000, 0x0000000081800000, 0x0000000081800000|100%|HS|  |TAMS 0x0000000081800000| PB 0x0000000081700000| Complete 
|  24|0x0000000081800000, 0x0000000081900000, 0x0000000081900000|100%|HC|  |TAMS 0x0000000081900000| PB 0x0000000081800000| Complete 
|  25|0x0000000081900000, 0x0000000081a00000, 0x0000000081a00000|100%|HC|  |TAMS 0x0000000081a00000| PB 0x0000000081900000| Complete 
|  26|0x0000000081a00000, 0x0000000081b00000, 0x0000000081b00000|100%|HC|  |TAMS 0x0000000081b00000| PB 0x0000000081a00000| Complete 
|  27|0x0000000081b00000, 0x0000000081c00000, 0x0000000081c00000|100%|HC|  |TAMS 0x0000000081c00000| PB 0x0000000081b00000| Complete 
|  28|0x0000000081c00000, 0x0000000081d00000, 0x0000000081d00000|100%|HC|  |TAMS 0x0000000081d00000| PB 0x0000000081c00000| Complete 
|  29|0x0000000081d00000, 0x0000000081e00000, 0x0000000081e00000|100%|HS|  |TAMS 0x0000000081e00000| PB 0x0000000081d00000| Complete 
|  30|0x0000000081e00000, 0x0000000081f00000, 0x0000000081f00000|100%|HC|  |TAMS 0x0000000081f00000| PB 0x0000000081e00000| Complete 
|  31|0x0000000081f00000, 0x0000000082000000, 0x0000000082000000|100%|HS|  |TAMS 0x0000000082000000| PB 0x0000000081f00000| Complete 
|  32|0x0000000082000000, 0x0000000082100000, 0x0000000082100000|100%| O|  |TAMS 0x0000000082100000| PB 0x0000000082100000| Untracked 
|  33|0x0000000082100000, 0x0000000082200000, 0x0000000082200000|100%| O|  |TAMS 0x0000000082200000| PB 0x0000000082200000| Untracked 
|  34|0x0000000082200000, 0x0000000082300000, 0x0000000082300000|100%| O|  |TAMS 0x0000000082300000| PB 0x0000000082300000| Updating 
|  35|0x0000000082300000, 0x0000000082400000, 0x0000000082400000|100%| O|  |TAMS 0x0000000082400000| PB 0x0000000082400000| Updating 
|  36|0x0000000082400000, 0x0000000082500000, 0x0000000082500000|100%|HS|  |TAMS 0x0000000082500000| PB 0x0000000082400000| Complete 
|  37|0x0000000082500000, 0x0000000082600000, 0x0000000082600000|100%|HC|  |TAMS 0x0000000082600000| PB 0x0000000082500000| Complete 
|  38|0x0000000082600000, 0x0000000082700000, 0x0000000082700000|100%|HS|  |TAMS 0x0000000082700000| PB 0x0000000082600000| Complete 
|  39|0x0000000082700000, 0x0000000082800000, 0x0000000082800000|100%| O|  |TAMS 0x0000000082800000| PB 0x0000000082800000| Updating 
|  40|0x0000000082800000, 0x0000000082900000, 0x0000000082900000|100%| O|  |TAMS 0x0000000082900000| PB 0x0000000082900000| Updating 
|  41|0x0000000082900000, 0x0000000082a00000, 0x0000000082a00000|100%| O|  |TAMS 0x0000000082a00000| PB 0x0000000082a00000| Untracked 
|  42|0x0000000082a00000, 0x0000000082b00000, 0x0000000082b00000|100%| O|  |TAMS 0x0000000082b00000| PB 0x0000000082b00000| Untracked 
|  43|0x0000000082b00000, 0x0000000082c00000, 0x0000000082c00000|100%| O|  |TAMS 0x0000000082c00000| PB 0x0000000082c00000| Updating 
|  44|0x0000000082c00000, 0x0000000082d00000, 0x0000000082d00000|100%| O|  |TAMS 0x0000000082d00000| PB 0x0000000082d00000| Updating 
|  45|0x0000000082d00000, 0x0000000082e00000, 0x0000000082e00000|100%| O|  |TAMS 0x0000000082e00000| PB 0x0000000082e00000| Updating 
|  46|0x0000000082e00000, 0x0000000082f00000, 0x0000000082f00000|100%| O|  |TAMS 0x0000000082f00000| PB 0x0000000082f00000| Updating 
|  47|0x0000000082f00000, 0x0000000083000000, 0x0000000083000000|100%| O|  |TAMS 0x0000000083000000| PB 0x0000000083000000| Updating 
|  48|0x0000000083000000, 0x0000000083100000, 0x0000000083100000|100%| O|  |TAMS 0x0000000083100000| PB 0x0000000083100000| Updating 
|  49|0x0000000083100000, 0x0000000083200000, 0x0000000083200000|100%| O|  |TAMS 0x0000000083200000| PB 0x0000000083200000| Updating 
|  50|0x0000000083200000, 0x0000000083300000, 0x0000000083300000|100%|HS|  |TAMS 0x0000000083300000| PB 0x0000000083200000| Complete 
|  51|0x0000000083300000, 0x0000000083400000, 0x0000000083400000|100%|HC|  |TAMS 0x0000000083400000| PB 0x0000000083300000| Complete 
|  52|0x0000000083400000, 0x0000000083500000, 0x0000000083500000|100%| O|  |TAMS 0x0000000083500000| PB 0x0000000083500000| Untracked 
|  53|0x0000000083500000, 0x0000000083600000, 0x0000000083600000|100%| O|  |TAMS 0x0000000083600000| PB 0x0000000083600000| Updating 
|  54|0x0000000083600000, 0x0000000083700000, 0x0000000083700000|100%| O|  |TAMS 0x0000000083700000| PB 0x0000000083700000| Updating 
|  55|0x0000000083700000, 0x0000000083800000, 0x0000000083800000|100%| O|  |TAMS 0x0000000083800000| PB 0x0000000083800000| Updating 
|  56|0x0000000083800000, 0x0000000083900000, 0x0000000083900000|100%| O|  |TAMS 0x0000000083900000| PB 0x0000000083900000| Untracked 
|  57|0x0000000083900000, 0x0000000083a00000, 0x0000000083a00000|100%| O|  |TAMS 0x0000000083a00000| PB 0x0000000083a00000| Updating 
|  58|0x0000000083a00000, 0x0000000083b00000, 0x0000000083b00000|100%| O|  |TAMS 0x0000000083b00000| PB 0x0000000083b00000| Updating 
|  59|0x0000000083b00000, 0x0000000083c00000, 0x0000000083c00000|100%| O|  |TAMS 0x0000000083c00000| PB 0x0000000083c00000| Updating 
|  60|0x0000000083c00000, 0x0000000083d00000, 0x0000000083d00000|100%| O|  |TAMS 0x0000000083d00000| PB 0x0000000083d00000| Updating 
|  61|0x0000000083d00000, 0x0000000083e00000, 0x0000000083e00000|100%| O|  |TAMS 0x0000000083e00000| PB 0x0000000083e00000| Updating 
|  62|0x0000000083e00000, 0x0000000083f00000, 0x0000000083f00000|100%|HS|  |TAMS 0x0000000083f00000| PB 0x0000000083e00000| Complete 
|  63|0x0000000083f00000, 0x0000000084000000, 0x0000000084000000|100%| O|  |TAMS 0x0000000084000000| PB 0x0000000084000000| Updating 
|  64|0x0000000084000000, 0x0000000084100000, 0x0000000084100000|100%| O|  |TAMS 0x0000000084100000| PB 0x0000000084100000| Updating 
|  65|0x0000000084100000, 0x0000000084200000, 0x0000000084200000|100%| O|  |TAMS 0x0000000084200000| PB 0x0000000084200000| Untracked 
|  66|0x0000000084200000, 0x0000000084300000, 0x0000000084300000|100%| O|  |TAMS 0x0000000084200000| PB 0x0000000084200000| Untracked 
|  67|0x0000000084300000, 0x0000000084400000, 0x0000000084400000|100%| O|  |TAMS 0x0000000084400000| PB 0x0000000084400000| Untracked 
|  68|0x0000000084400000, 0x0000000084500000, 0x0000000084500000|100%| O|  |TAMS 0x0000000084500000| PB 0x0000000084500000| Updating 
|  69|0x0000000084500000, 0x0000000084600000, 0x0000000084600000|100%|HS|  |TAMS 0x0000000084600000| PB 0x0000000084500000| Complete 
|  70|0x0000000084600000, 0x0000000084700000, 0x0000000084700000|100%|HS|  |TAMS 0x0000000084700000| PB 0x0000000084600000| Complete 
|  71|0x0000000084700000, 0x0000000084800000, 0x0000000084800000|100%|HS|  |TAMS 0x0000000084800000| PB 0x0000000084700000| Complete 
|  72|0x0000000084800000, 0x0000000084900000, 0x0000000084900000|100%|HS|  |TAMS 0x0000000084900000| PB 0x0000000084800000| Complete 
|  73|0x0000000084900000, 0x0000000084a00000, 0x0000000084a00000|100%|HC|  |TAMS 0x0000000084a00000| PB 0x0000000084900000| Complete 
|  74|0x0000000084a00000, 0x0000000084b00000, 0x0000000084b00000|100%|HC|  |TAMS 0x0000000084b00000| PB 0x0000000084a00000| Complete 
|  75|0x0000000084b00000, 0x0000000084c00000, 0x0000000084c00000|100%|HC|  |TAMS 0x0000000084c00000| PB 0x0000000084b00000| Complete 
|  76|0x0000000084c00000, 0x0000000084d00000, 0x0000000084d00000|100%|HC|  |TAMS 0x0000000084d00000| PB 0x0000000084c00000| Complete 
|  77|0x0000000084d00000, 0x0000000084e00000, 0x0000000084e00000|100%|HC|  |TAMS 0x0000000084e00000| PB 0x0000000084d00000| Complete 
|  78|0x0000000084e00000, 0x0000000084f00000, 0x0000000084f00000|100%|HS|  |TAMS 0x0000000084f00000| PB 0x0000000084e00000| Complete 
|  79|0x0000000084f00000, 0x0000000085000000, 0x0000000085000000|100%| O|  |TAMS 0x0000000085000000| PB 0x0000000085000000| Untracked 
|  80|0x0000000085000000, 0x0000000085100000, 0x0000000085100000|100%| O|  |TAMS 0x0000000085100000| PB 0x0000000085100000| Untracked 
|  81|0x0000000085100000, 0x0000000085200000, 0x0000000085200000|100%| O|  |TAMS 0x0000000085200000| PB 0x0000000085200000| Untracked 
|  82|0x0000000085200000, 0x0000000085300000, 0x0000000085300000|100%| O|  |TAMS 0x0000000085300000| PB 0x0000000085300000| Untracked 
|  83|0x0000000085300000, 0x0000000085400000, 0x0000000085400000|100%|HS|  |TAMS 0x0000000085400000| PB 0x0000000085300000| Complete 
|  84|0x0000000085400000, 0x0000000085500000, 0x0000000085500000|100%|HC|  |TAMS 0x0000000085500000| PB 0x0000000085400000| Complete 
|  85|0x0000000085500000, 0x0000000085600000, 0x0000000085600000|100%| O|  |TAMS 0x0000000085500000| PB 0x0000000085500000| Untracked 
|  86|0x0000000085600000, 0x0000000085700000, 0x0000000085700000|100%|HS|  |TAMS 0x0000000085700000| PB 0x0000000085600000| Complete 
|  87|0x0000000085700000, 0x0000000085800000, 0x0000000085800000|100%|HS|  |TAMS 0x0000000085800000| PB 0x0000000085700000| Complete 
|  88|0x0000000085800000, 0x0000000085900000, 0x0000000085900000|100%|HC|  |TAMS 0x0000000085900000| PB 0x0000000085800000| Complete 
|  89|0x0000000085900000, 0x0000000085a00000, 0x0000000085a00000|100%| O|  |TAMS 0x0000000085a00000| PB 0x0000000085a00000| Untracked 
|  90|0x0000000085a00000, 0x0000000085b00000, 0x0000000085b00000|100%| O|  |TAMS 0x0000000085b00000| PB 0x0000000085b00000| Untracked 
|  91|0x0000000085b00000, 0x0000000085c00000, 0x0000000085c00000|100%| O|  |TAMS 0x0000000085c00000| PB 0x0000000085c00000| Updating 
|  92|0x0000000085c00000, 0x0000000085d00000, 0x0000000085d00000|100%| O|  |TAMS 0x0000000085d00000| PB 0x0000000085d00000| Untracked 
|  93|0x0000000085d00000, 0x0000000085e00000, 0x0000000085e00000|100%|HS|  |TAMS 0x0000000085e00000| PB 0x0000000085d00000| Complete 
|  94|0x0000000085e00000, 0x0000000085f00000, 0x0000000085f00000|100%| O|  |TAMS 0x0000000085f00000| PB 0x0000000085f00000| Updating 
|  95|0x0000000085f00000, 0x0000000086000000, 0x0000000086000000|100%| O|  |TAMS 0x0000000086000000| PB 0x0000000086000000| Updating 
|  96|0x0000000086000000, 0x0000000086100000, 0x0000000086100000|100%| O|  |TAMS 0x0000000086100000| PB 0x0000000086100000| Updating 
|  97|0x0000000086100000, 0x0000000086200000, 0x0000000086200000|100%| O|  |TAMS 0x0000000086200000| PB 0x0000000086200000| Updating 
|  98|0x0000000086200000, 0x0000000086300000, 0x0000000086300000|100%| O|  |TAMS 0x0000000086300000| PB 0x0000000086300000| Updating 
|  99|0x0000000086300000, 0x0000000086400000, 0x0000000086400000|100%| O|  |TAMS 0x0000000086400000| PB 0x0000000086400000| Updating 
| 100|0x0000000086400000, 0x0000000086500000, 0x0000000086500000|100%| O|  |TAMS 0x0000000086500000| PB 0x0000000086500000| Updating 
| 101|0x0000000086500000, 0x0000000086600000, 0x0000000086600000|100%|HS|  |TAMS 0x0000000086600000| PB 0x0000000086500000| Complete 
| 102|0x0000000086600000, 0x0000000086700000, 0x0000000086700000|100%| O|  |TAMS 0x0000000086700000| PB 0x0000000086700000| Untracked 
| 103|0x0000000086700000, 0x0000000086800000, 0x0000000086800000|100%| O|  |TAMS 0x0000000086800000| PB 0x0000000086800000| Untracked 
| 104|0x0000000086800000, 0x0000000086900000, 0x0000000086900000|100%| O|  |TAMS 0x0000000086900000| PB 0x0000000086900000| Untracked 
| 105|0x0000000086900000, 0x0000000086a00000, 0x0000000086a00000|100%| O|  |TAMS 0x0000000086a00000| PB 0x0000000086a00000| Untracked 
| 106|0x0000000086a00000, 0x0000000086b00000, 0x0000000086b00000|100%| O|  |TAMS 0x0000000086b00000| PB 0x0000000086b00000| Untracked 
| 107|0x0000000086b00000, 0x0000000086c00000, 0x0000000086c00000|100%| O|  |TAMS 0x0000000086c00000| PB 0x0000000086c00000| Untracked 
| 108|0x0000000086c00000, 0x0000000086d00000, 0x0000000086d00000|100%| O|  |TAMS 0x0000000086d00000| PB 0x0000000086d00000| Updating 
| 109|0x0000000086d00000, 0x0000000086e00000, 0x0000000086e00000|100%| O|  |TAMS 0x0000000086e00000| PB 0x0000000086e00000| Untracked 
| 110|0x0000000086e00000, 0x0000000086f00000, 0x0000000086f00000|100%| O|  |TAMS 0x0000000086f00000| PB 0x0000000086f00000| Untracked 
| 111|0x0000000086f00000, 0x0000000087000000, 0x0000000087000000|100%| O|  |TAMS 0x0000000087000000| PB 0x0000000087000000| Updating 
| 112|0x0000000087000000, 0x0000000087100000, 0x0000000087100000|100%| O|  |TAMS 0x0000000087100000| PB 0x0000000087100000| Updating 
| 113|0x0000000087100000, 0x0000000087200000, 0x0000000087200000|100%| O|  |TAMS 0x0000000087200000| PB 0x0000000087200000| Untracked 
| 114|0x0000000087200000, 0x0000000087300000, 0x0000000087300000|100%| O|  |TAMS 0x0000000087300000| PB 0x0000000087300000| Untracked 
| 115|0x0000000087300000, 0x0000000087400000, 0x0000000087400000|100%| O|  |TAMS 0x0000000087400000| PB 0x0000000087400000| Untracked 
| 116|0x0000000087400000, 0x0000000087500000, 0x0000000087500000|100%| O|  |TAMS 0x0000000087500000| PB 0x0000000087500000| Updating 
| 117|0x0000000087500000, 0x0000000087600000, 0x0000000087600000|100%| O|  |TAMS 0x0000000087600000| PB 0x0000000087600000| Updating 
| 118|0x0000000087600000, 0x0000000087700000, 0x0000000087700000|100%| O|  |TAMS 0x0000000087700000| PB 0x0000000087700000| Untracked 
| 119|0x0000000087700000, 0x0000000087800000, 0x0000000087800000|100%| O|  |TAMS 0x0000000087800000| PB 0x0000000087800000| Updating 
| 120|0x0000000087800000, 0x0000000087900000, 0x0000000087900000|100%| O|  |TAMS 0x0000000087800000| PB 0x0000000087800000| Untracked 
| 121|0x0000000087900000, 0x0000000087a00000, 0x0000000087a00000|100%| O|  |TAMS 0x0000000087a00000| PB 0x0000000087a00000| Untracked 
| 122|0x0000000087a00000, 0x0000000087b00000, 0x0000000087b00000|100%| O|  |TAMS 0x0000000087a00000| PB 0x0000000087a00000| Untracked 
| 123|0x0000000087b00000, 0x0000000087c00000, 0x0000000087c00000|100%| O|  |TAMS 0x0000000087c00000| PB 0x0000000087c00000| Updating 
| 124|0x0000000087c00000, 0x0000000087d00000, 0x0000000087d00000|100%| O|  |TAMS 0x0000000087d00000| PB 0x0000000087d00000| Untracked 
| 125|0x0000000087d00000, 0x0000000087e00000, 0x0000000087e00000|100%| O|  |TAMS 0x0000000087e00000| PB 0x0000000087e00000| Updating 
| 126|0x0000000087e00000, 0x0000000087f00000, 0x0000000087f00000|100%| O|  |TAMS 0x0000000087f00000| PB 0x0000000087f00000| Updating 
| 127|0x0000000087f00000, 0x0000000088000000, 0x0000000088000000|100%| O|  |TAMS 0x0000000088000000| PB 0x0000000088000000| Untracked 
| 128|0x0000000088000000, 0x0000000088100000, 0x0000000088100000|100%| O|  |TAMS 0x0000000088100000| PB 0x0000000088100000| Untracked 
| 129|0x0000000088100000, 0x0000000088200000, 0x0000000088200000|100%| O|  |TAMS 0x0000000088200000| PB 0x0000000088200000| Untracked 
| 130|0x0000000088200000, 0x0000000088300000, 0x0000000088300000|100%| O|  |TAMS 0x0000000088300000| PB 0x0000000088300000| Untracked 
| 131|0x0000000088300000, 0x0000000088400000, 0x0000000088400000|100%| O|  |TAMS 0x0000000088400000| PB 0x0000000088400000| Untracked 
| 132|0x0000000088400000, 0x0000000088500000, 0x0000000088500000|100%| O|  |TAMS 0x0000000088500000| PB 0x0000000088500000| Untracked 
| 133|0x0000000088500000, 0x0000000088600000, 0x0000000088600000|100%| O|  |TAMS 0x0000000088600000| PB 0x0000000088600000| Updating 
| 134|0x0000000088600000, 0x0000000088700000, 0x0000000088700000|100%| O|  |TAMS 0x0000000088700000| PB 0x0000000088700000| Untracked 
| 135|0x0000000088700000, 0x0000000088800000, 0x0000000088800000|100%| O|  |TAMS 0x0000000088800000| PB 0x0000000088800000| Untracked 
| 136|0x0000000088800000, 0x0000000088900000, 0x0000000088900000|100%| O|  |TAMS 0x0000000088900000| PB 0x0000000088900000| Untracked 
| 137|0x0000000088900000, 0x0000000088a00000, 0x0000000088a00000|100%| O|  |TAMS 0x0000000088a00000| PB 0x0000000088a00000| Updating 
| 138|0x0000000088a00000, 0x0000000088b00000, 0x0000000088b00000|100%| O|  |TAMS 0x0000000088b00000| PB 0x0000000088b00000| Untracked 
| 139|0x0000000088b00000, 0x0000000088c00000, 0x0000000088c00000|100%| O|  |TAMS 0x0000000088c00000| PB 0x0000000088c00000| Untracked 
| 140|0x0000000088c00000, 0x0000000088d00000, 0x0000000088d00000|100%| O|  |TAMS 0x0000000088d00000| PB 0x0000000088d00000| Untracked 
| 141|0x0000000088d00000, 0x0000000088e00000, 0x0000000088e00000|100%| O|  |TAMS 0x0000000088e00000| PB 0x0000000088e00000| Untracked 
| 142|0x0000000088e00000, 0x0000000088f00000, 0x0000000088f00000|100%| O|  |TAMS 0x0000000088f00000| PB 0x0000000088f00000| Untracked 
| 143|0x0000000088f00000, 0x0000000089000000, 0x0000000089000000|100%| O|  |TAMS 0x0000000089000000| PB 0x0000000089000000| Untracked 
| 144|0x0000000089000000, 0x0000000089100000, 0x0000000089100000|100%| O|  |TAMS 0x0000000089100000| PB 0x0000000089100000| Untracked 
| 145|0x0000000089100000, 0x0000000089200000, 0x0000000089200000|100%| O|  |TAMS 0x0000000089200000| PB 0x0000000089200000| Untracked 
| 146|0x0000000089200000, 0x0000000089300000, 0x0000000089300000|100%| O|  |TAMS 0x0000000089300000| PB 0x0000000089300000| Updating 
| 147|0x0000000089300000, 0x0000000089400000, 0x0000000089400000|100%| O|  |TAMS 0x0000000089400000| PB 0x0000000089400000| Untracked 
| 148|0x0000000089400000, 0x0000000089500000, 0x0000000089500000|100%| O|  |TAMS 0x0000000089500000| PB 0x0000000089500000| Untracked 
| 149|0x0000000089500000, 0x0000000089600000, 0x0000000089600000|100%| O|  |TAMS 0x0000000089600000| PB 0x0000000089600000| Updating 
| 150|0x0000000089600000, 0x0000000089700000, 0x0000000089700000|100%| O|  |TAMS 0x0000000089700000| PB 0x0000000089700000| Untracked 
| 151|0x0000000089700000, 0x0000000089800000, 0x0000000089800000|100%| O|  |TAMS 0x0000000089800000| PB 0x0000000089800000| Updating 
| 152|0x0000000089800000, 0x0000000089900000, 0x0000000089900000|100%| O|  |TAMS 0x0000000089900000| PB 0x0000000089900000| Updating 
| 153|0x0000000089900000, 0x0000000089a00000, 0x0000000089a00000|100%| O|  |TAMS 0x0000000089900000| PB 0x0000000089900000| Untracked 
| 154|0x0000000089a00000, 0x0000000089b00000, 0x0000000089b00000|100%| O|  |TAMS 0x0000000089b00000| PB 0x0000000089b00000| Untracked 
| 155|0x0000000089b00000, 0x0000000089c00000, 0x0000000089c00000|100%| O|  |TAMS 0x0000000089c00000| PB 0x0000000089c00000| Updating 
| 156|0x0000000089c00000, 0x0000000089d00000, 0x0000000089d00000|100%| O|  |TAMS 0x0000000089d00000| PB 0x0000000089d00000| Untracked 
| 157|0x0000000089d00000, 0x0000000089e00000, 0x0000000089e00000|100%| O|  |TAMS 0x0000000089e00000| PB 0x0000000089e00000| Untracked 
| 158|0x0000000089e00000, 0x0000000089f00000, 0x0000000089f00000|100%| O|  |TAMS 0x0000000089f00000| PB 0x0000000089f00000| Untracked 
| 159|0x0000000089f00000, 0x000000008a000000, 0x000000008a000000|100%| O|  |TAMS 0x000000008a000000| PB 0x000000008a000000| Untracked 
| 160|0x000000008a000000, 0x000000008a100000, 0x000000008a100000|100%| O|  |TAMS 0x000000008a100000| PB 0x000000008a100000| Untracked 
| 161|0x000000008a100000, 0x000000008a200000, 0x000000008a200000|100%| O|  |TAMS 0x000000008a200000| PB 0x000000008a200000| Untracked 
| 162|0x000000008a200000, 0x000000008a300000, 0x000000008a300000|100%| O|  |TAMS 0x000000008a200000| PB 0x000000008a200000| Untracked 
| 163|0x000000008a300000, 0x000000008a400000, 0x000000008a400000|100%|HS|  |TAMS 0x000000008a400000| PB 0x000000008a300000| Complete 
| 164|0x000000008a400000, 0x000000008a500000, 0x000000008a500000|100%| O|  |TAMS 0x000000008a500000| PB 0x000000008a500000| Untracked 
| 165|0x000000008a500000, 0x000000008a600000, 0x000000008a600000|100%| O|  |TAMS 0x000000008a600000| PB 0x000000008a600000| Untracked 
| 166|0x000000008a600000, 0x000000008a700000, 0x000000008a700000|100%| O|  |TAMS 0x000000008a700000| PB 0x000000008a700000| Untracked 
| 167|0x000000008a700000, 0x000000008a800000, 0x000000008a800000|100%| O|  |TAMS 0x000000008a700000| PB 0x000000008a700000| Untracked 
| 168|0x000000008a800000, 0x000000008a900000, 0x000000008a900000|100%| O|  |TAMS 0x000000008a900000| PB 0x000000008a900000| Updating 
| 169|0x000000008a900000, 0x000000008aa00000, 0x000000008aa00000|100%| O|  |TAMS 0x000000008aa00000| PB 0x000000008aa00000| Untracked 
| 170|0x000000008aa00000, 0x000000008ab00000, 0x000000008ab00000|100%| O|  |TAMS 0x000000008ab00000| PB 0x000000008ab00000| Untracked 
| 171|0x000000008ab00000, 0x000000008ac00000, 0x000000008ac00000|100%| O|  |TAMS 0x000000008ac00000| PB 0x000000008ac00000| Updating 
| 172|0x000000008ac00000, 0x000000008ad00000, 0x000000008ad00000|100%| O|  |TAMS 0x000000008ad00000| PB 0x000000008ad00000| Updating 
| 173|0x000000008ad00000, 0x000000008ae00000, 0x000000008ae00000|100%| O|  |TAMS 0x000000008ae00000| PB 0x000000008ae00000| Updating 
| 174|0x000000008ae00000, 0x000000008af00000, 0x000000008af00000|100%| O|  |TAMS 0x000000008af00000| PB 0x000000008af00000| Untracked 
| 175|0x000000008af00000, 0x000000008b000000, 0x000000008b000000|100%| O|  |TAMS 0x000000008b000000| PB 0x000000008b000000| Untracked 
| 176|0x000000008b000000, 0x000000008b100000, 0x000000008b100000|100%| O|  |TAMS 0x000000008b100000| PB 0x000000008b100000| Untracked 
| 177|0x000000008b100000, 0x000000008b200000, 0x000000008b200000|100%| O|  |TAMS 0x000000008b200000| PB 0x000000008b200000| Untracked 
| 178|0x000000008b200000, 0x000000008b300000, 0x000000008b300000|100%| O|  |TAMS 0x000000008b300000| PB 0x000000008b300000| Untracked 
| 179|0x000000008b300000, 0x000000008b400000, 0x000000008b400000|100%| O|  |TAMS 0x000000008b300000| PB 0x000000008b300000| Untracked 
| 180|0x000000008b400000, 0x000000008b500000, 0x000000008b500000|100%| O|  |TAMS 0x000000008b500000| PB 0x000000008b500000| Updating 
| 181|0x000000008b500000, 0x000000008b600000, 0x000000008b600000|100%| O|  |TAMS 0x000000008b500000| PB 0x000000008b500000| Untracked 
| 182|0x000000008b600000, 0x000000008b700000, 0x000000008b700000|100%| O|  |TAMS 0x000000008b600000| PB 0x000000008b600000| Untracked 
| 183|0x000000008b700000, 0x000000008b800000, 0x000000008b800000|100%| O|  |TAMS 0x000000008b700000| PB 0x000000008b700000| Untracked 
| 184|0x000000008b800000, 0x000000008b900000, 0x000000008b900000|100%| O|  |TAMS 0x000000008b800000| PB 0x000000008b800000| Untracked 
| 185|0x000000008b900000, 0x000000008ba00000, 0x000000008ba00000|100%| O|  |TAMS 0x000000008b900000| PB 0x000000008b900000| Untracked 
| 186|0x000000008ba00000, 0x000000008bb00000, 0x000000008bb00000|100%| O|  |TAMS 0x000000008ba00000| PB 0x000000008ba00000| Untracked 
| 187|0x000000008bb00000, 0x000000008bc00000, 0x000000008bc00000|100%| O|  |TAMS 0x000000008bb00000| PB 0x000000008bb00000| Untracked 
| 188|0x000000008bc00000, 0x000000008bd00000, 0x000000008bd00000|100%| O|  |TAMS 0x000000008bc00000| PB 0x000000008bc00000| Untracked 
| 189|0x000000008bd00000, 0x000000008be00000, 0x000000008be00000|100%| O|  |TAMS 0x000000008be00000| PB 0x000000008be00000| Untracked 
| 190|0x000000008be00000, 0x000000008bf00000, 0x000000008bf00000|100%| O|  |TAMS 0x000000008bf00000| PB 0x000000008bf00000| Untracked 
| 191|0x000000008bf00000, 0x000000008c000000, 0x000000008c000000|100%| O|  |TAMS 0x000000008bff8738| PB 0x000000008bff8738| Updating 
| 192|0x000000008c000000, 0x000000008c100000, 0x000000008c100000|100%| O|  |TAMS 0x000000008c000000| PB 0x000000008c000000| Untracked 
| 193|0x000000008c100000, 0x000000008c200000, 0x000000008c200000|100%| O|  |TAMS 0x000000008c100000| PB 0x000000008c100000| Untracked 
| 194|0x000000008c200000, 0x000000008c300000, 0x000000008c300000|100%| O|  |TAMS 0x000000008c200000| PB 0x000000008c200000| Untracked 
| 195|0x000000008c300000, 0x000000008c400000, 0x000000008c400000|100%| O|  |TAMS 0x000000008c300000| PB 0x000000008c300000| Untracked 
| 196|0x000000008c400000, 0x000000008c500000, 0x000000008c500000|100%| O|  |TAMS 0x000000008c400000| PB 0x000000008c400000| Untracked 
| 197|0x000000008c500000, 0x000000008c600000, 0x000000008c600000|100%| O|  |TAMS 0x000000008c500000| PB 0x000000008c500000| Untracked 
| 198|0x000000008c600000, 0x000000008c700000, 0x000000008c700000|100%| O|  |TAMS 0x000000008c600000| PB 0x000000008c600000| Untracked 
| 199|0x000000008c700000, 0x000000008c800000, 0x000000008c800000|100%| O|  |TAMS 0x000000008c700000| PB 0x000000008c700000| Untracked 
| 200|0x000000008c800000, 0x000000008c900000, 0x000000008c900000|100%| O|  |TAMS 0x000000008c800000| PB 0x000000008c800000| Untracked 
| 201|0x000000008c900000, 0x000000008ca00000, 0x000000008ca00000|100%|HS|  |TAMS 0x000000008c900000| PB 0x000000008c900000| Complete 
| 202|0x000000008ca00000, 0x000000008ca00000, 0x000000008cb00000|  0%| F|  |TAMS 0x000000008ca00000| PB 0x000000008ca00000| Untracked 
| 203|0x000000008cb00000, 0x000000008cb00000, 0x000000008cc00000|  0%| F|  |TAMS 0x000000008cb00000| PB 0x000000008cb00000| Untracked 
| 204|0x000000008cc00000, 0x000000008cc00000, 0x000000008cd00000|  0%| F|  |TAMS 0x000000008cc00000| PB 0x000000008cc00000| Untracked 
| 205|0x000000008cd00000, 0x000000008cd00000, 0x000000008ce00000|  0%| F|  |TAMS 0x000000008cd00000| PB 0x000000008cd00000| Untracked 
| 206|0x000000008ce00000, 0x000000008ce00000, 0x000000008cf00000|  0%| F|  |TAMS 0x000000008ce00000| PB 0x000000008ce00000| Untracked 
| 207|0x000000008cf00000, 0x000000008cf00000, 0x000000008d000000|  0%| F|  |TAMS 0x000000008cf00000| PB 0x000000008cf00000| Untracked 
| 208|0x000000008d000000, 0x000000008d000000, 0x000000008d100000|  0%| F|  |TAMS 0x000000008d000000| PB 0x000000008d000000| Untracked 
| 209|0x000000008d100000, 0x000000008d200000, 0x000000008d200000|100%| O|  |TAMS 0x000000008d100000| PB 0x000000008d100000| Untracked 
| 210|0x000000008d200000, 0x000000008d277940, 0x000000008d300000| 46%| O|  |TAMS 0x000000008d200000| PB 0x000000008d200000| Updating 
| 211|0x000000008d300000, 0x000000008d300000, 0x000000008d400000|  0%| F|  |TAMS 0x000000008d300000| PB 0x000000008d300000| Untracked 
| 212|0x000000008d400000, 0x000000008d400000, 0x000000008d500000|  0%| F|  |TAMS 0x000000008d400000| PB 0x000000008d400000| Untracked 
| 213|0x000000008d500000, 0x000000008d500000, 0x000000008d600000|  0%| F|  |TAMS 0x000000008d500000| PB 0x000000008d500000| Untracked 
| 214|0x000000008d600000, 0x000000008d600000, 0x000000008d700000|  0%| F|  |TAMS 0x000000008d600000| PB 0x000000008d600000| Untracked 
| 215|0x000000008d700000, 0x000000008d700000, 0x000000008d800000|  0%| F|  |TAMS 0x000000008d700000| PB 0x000000008d700000| Untracked 
| 216|0x000000008d800000, 0x000000008d800000, 0x000000008d900000|  0%| F|  |TAMS 0x000000008d800000| PB 0x000000008d800000| Untracked 
| 217|0x000000008d900000, 0x000000008d900000, 0x000000008da00000|  0%| F|  |TAMS 0x000000008d900000| PB 0x000000008d900000| Untracked 
| 218|0x000000008da00000, 0x000000008da00000, 0x000000008db00000|  0%| F|  |TAMS 0x000000008da00000| PB 0x000000008da00000| Untracked 
| 219|0x000000008db00000, 0x000000008db00000, 0x000000008dc00000|  0%| F|  |TAMS 0x000000008db00000| PB 0x000000008db00000| Untracked 
| 220|0x000000008dc00000, 0x000000008dc00000, 0x000000008dd00000|  0%| F|  |TAMS 0x000000008dc00000| PB 0x000000008dc00000| Untracked 
| 221|0x000000008dd00000, 0x000000008dd00000, 0x000000008de00000|  0%| F|  |TAMS 0x000000008dd00000| PB 0x000000008dd00000| Untracked 
| 222|0x000000008de00000, 0x000000008df00000, 0x000000008df00000|100%| S|CS|TAMS 0x000000008de00000| PB 0x000000008de00000| Complete 
| 223|0x000000008df00000, 0x000000008e000000, 0x000000008e000000|100%| S|CS|TAMS 0x000000008df00000| PB 0x000000008df00000| Complete 
| 224|0x000000008e000000, 0x000000008e100000, 0x000000008e100000|100%| S|CS|TAMS 0x000000008e000000| PB 0x000000008e000000| Complete 
| 225|0x000000008e100000, 0x000000008e200000, 0x000000008e200000|100%| S|CS|TAMS 0x000000008e100000| PB 0x000000008e100000| Complete 
| 226|0x000000008e200000, 0x000000008e300000, 0x000000008e300000|100%| S|CS|TAMS 0x000000008e200000| PB 0x000000008e200000| Complete 
| 227|0x000000008e300000, 0x000000008e400000, 0x000000008e400000|100%| S|CS|TAMS 0x000000008e300000| PB 0x000000008e300000| Complete 
| 228|0x000000008e400000, 0x000000008e500000, 0x000000008e500000|100%| S|CS|TAMS 0x000000008e400000| PB 0x000000008e400000| Complete 
| 229|0x000000008e500000, 0x000000008e600000, 0x000000008e600000|100%| S|CS|TAMS 0x000000008e500000| PB 0x000000008e500000| Complete 
| 230|0x000000008e600000, 0x000000008e700000, 0x000000008e700000|100%| S|CS|TAMS 0x000000008e600000| PB 0x000000008e600000| Complete 
| 231|0x000000008e700000, 0x000000008e800000, 0x000000008e800000|100%| S|CS|TAMS 0x000000008e700000| PB 0x000000008e700000| Complete 
| 232|0x000000008e800000, 0x000000008e900000, 0x000000008e900000|100%| S|CS|TAMS 0x000000008e800000| PB 0x000000008e800000| Complete 
| 233|0x000000008e900000, 0x000000008ea00000, 0x000000008ea00000|100%| S|CS|TAMS 0x000000008e900000| PB 0x000000008e900000| Complete 
| 234|0x000000008ea00000, 0x000000008eb00000, 0x000000008eb00000|100%| S|CS|TAMS 0x000000008ea00000| PB 0x000000008ea00000| Complete 
| 235|0x000000008eb00000, 0x000000008ec00000, 0x000000008ec00000|100%| S|CS|TAMS 0x000000008eb00000| PB 0x000000008eb00000| Complete 
| 236|0x000000008ec00000, 0x000000008ec00000, 0x000000008ed00000|  0%| F|  |TAMS 0x000000008ec00000| PB 0x000000008ec00000| Untracked 
| 237|0x000000008ed00000, 0x000000008ed00000, 0x000000008ee00000|  0%| F|  |TAMS 0x000000008ed00000| PB 0x000000008ed00000| Untracked 
| 238|0x000000008ee00000, 0x000000008ee00000, 0x000000008ef00000|  0%| F|  |TAMS 0x000000008ee00000| PB 0x000000008ee00000| Untracked 
| 239|0x000000008ef00000, 0x000000008ef00000, 0x000000008f000000|  0%| F|  |TAMS 0x000000008ef00000| PB 0x000000008ef00000| Untracked 
| 240|0x000000008f000000, 0x000000008f000000, 0x000000008f100000|  0%| F|  |TAMS 0x000000008f000000| PB 0x000000008f000000| Untracked 
| 241|0x000000008f100000, 0x000000008f100000, 0x000000008f200000|  0%| F|  |TAMS 0x000000008f100000| PB 0x000000008f100000| Untracked 
| 242|0x000000008f200000, 0x000000008f200000, 0x000000008f300000|  0%| F|  |TAMS 0x000000008f200000| PB 0x000000008f200000| Untracked 
| 243|0x000000008f300000, 0x000000008f300000, 0x000000008f400000|  0%| F|  |TAMS 0x000000008f300000| PB 0x000000008f300000| Untracked 
| 244|0x000000008f400000, 0x000000008f400000, 0x000000008f500000|  0%| F|  |TAMS 0x000000008f400000| PB 0x000000008f400000| Untracked 
| 245|0x000000008f500000, 0x000000008f500000, 0x000000008f600000|  0%| F|  |TAMS 0x000000008f500000| PB 0x000000008f500000| Untracked 
| 246|0x000000008f600000, 0x000000008f600000, 0x000000008f700000|  0%| F|  |TAMS 0x000000008f600000| PB 0x000000008f600000| Untracked 
| 247|0x000000008f700000, 0x000000008f700000, 0x000000008f800000|  0%| F|  |TAMS 0x000000008f700000| PB 0x000000008f700000| Untracked 
| 248|0x000000008f800000, 0x000000008f800000, 0x000000008f900000|  0%| F|  |TAMS 0x000000008f800000| PB 0x000000008f800000| Untracked 
| 249|0x000000008f900000, 0x000000008f900000, 0x000000008fa00000|  0%| F|  |TAMS 0x000000008f900000| PB 0x000000008f900000| Untracked 
| 250|0x000000008fa00000, 0x000000008fa00000, 0x000000008fb00000|  0%| F|  |TAMS 0x000000008fa00000| PB 0x000000008fa00000| Untracked 
| 251|0x000000008fb00000, 0x000000008fb00000, 0x000000008fc00000|  0%| F|  |TAMS 0x000000008fb00000| PB 0x000000008fb00000| Untracked 
| 252|0x000000008fc00000, 0x000000008fc00000, 0x000000008fd00000|  0%| F|  |TAMS 0x000000008fc00000| PB 0x000000008fc00000| Untracked 
| 253|0x000000008fd00000, 0x000000008fd00000, 0x000000008fe00000|  0%| F|  |TAMS 0x000000008fd00000| PB 0x000000008fd00000| Untracked 
| 254|0x000000008fe00000, 0x000000008fe00000, 0x000000008ff00000|  0%| F|  |TAMS 0x000000008fe00000| PB 0x000000008fe00000| Untracked 
| 255|0x000000008ff00000, 0x000000008ff00000, 0x0000000090000000|  0%| F|  |TAMS 0x000000008ff00000| PB 0x000000008ff00000| Untracked 
| 256|0x0000000090000000, 0x0000000090000000, 0x0000000090100000|  0%| F|  |TAMS 0x0000000090000000| PB 0x0000000090000000| Untracked 
| 257|0x0000000090100000, 0x0000000090100000, 0x0000000090200000|  0%| F|  |TAMS 0x0000000090100000| PB 0x0000000090100000| Untracked 
| 258|0x0000000090200000, 0x0000000090200000, 0x0000000090300000|  0%| F|  |TAMS 0x0000000090200000| PB 0x0000000090200000| Untracked 
| 259|0x0000000090300000, 0x0000000090300000, 0x0000000090400000|  0%| F|  |TAMS 0x0000000090300000| PB 0x0000000090300000| Untracked 
| 260|0x0000000090400000, 0x0000000090400000, 0x0000000090500000|  0%| F|  |TAMS 0x0000000090400000| PB 0x0000000090400000| Untracked 
| 261|0x0000000090500000, 0x0000000090500000, 0x0000000090600000|  0%| F|  |TAMS 0x0000000090500000| PB 0x0000000090500000| Untracked 
| 262|0x0000000090600000, 0x0000000090600000, 0x0000000090700000|  0%| F|  |TAMS 0x0000000090600000| PB 0x0000000090600000| Untracked 
| 263|0x0000000090700000, 0x0000000090700000, 0x0000000090800000|  0%| F|  |TAMS 0x0000000090700000| PB 0x0000000090700000| Untracked 
| 264|0x0000000090800000, 0x0000000090800000, 0x0000000090900000|  0%| F|  |TAMS 0x0000000090800000| PB 0x0000000090800000| Untracked 
| 265|0x0000000090900000, 0x0000000090900000, 0x0000000090a00000|  0%| F|  |TAMS 0x0000000090900000| PB 0x0000000090900000| Untracked 
| 266|0x0000000090a00000, 0x0000000090a00000, 0x0000000090b00000|  0%| F|  |TAMS 0x0000000090a00000| PB 0x0000000090a00000| Untracked 
| 267|0x0000000090b00000, 0x0000000090b00000, 0x0000000090c00000|  0%| F|  |TAMS 0x0000000090b00000| PB 0x0000000090b00000| Untracked 
| 268|0x0000000090c00000, 0x0000000090c00000, 0x0000000090d00000|  0%| F|  |TAMS 0x0000000090c00000| PB 0x0000000090c00000| Untracked 
| 269|0x0000000090d00000, 0x0000000090d00000, 0x0000000090e00000|  0%| F|  |TAMS 0x0000000090d00000| PB 0x0000000090d00000| Untracked 
| 270|0x0000000090e00000, 0x0000000090e00000, 0x0000000090f00000|  0%| F|  |TAMS 0x0000000090e00000| PB 0x0000000090e00000| Untracked 
| 271|0x0000000090f00000, 0x0000000090f00000, 0x0000000091000000|  0%| F|  |TAMS 0x0000000090f00000| PB 0x0000000090f00000| Untracked 
| 272|0x0000000091000000, 0x0000000091000000, 0x0000000091100000|  0%| F|  |TAMS 0x0000000091000000| PB 0x0000000091000000| Untracked 
| 273|0x0000000091100000, 0x0000000091100000, 0x0000000091200000|  0%| F|  |TAMS 0x0000000091100000| PB 0x0000000091100000| Untracked 
| 274|0x0000000091200000, 0x0000000091200000, 0x0000000091300000|  0%| F|  |TAMS 0x0000000091200000| PB 0x0000000091200000| Untracked 
| 275|0x0000000091300000, 0x0000000091300000, 0x0000000091400000|  0%| F|  |TAMS 0x0000000091300000| PB 0x0000000091300000| Untracked 
| 276|0x0000000091400000, 0x0000000091400000, 0x0000000091500000|  0%| F|  |TAMS 0x0000000091400000| PB 0x0000000091400000| Untracked 
| 277|0x0000000091500000, 0x0000000091500000, 0x0000000091600000|  0%| F|  |TAMS 0x0000000091500000| PB 0x0000000091500000| Untracked 
| 278|0x0000000091600000, 0x0000000091600000, 0x0000000091700000|  0%| F|  |TAMS 0x0000000091600000| PB 0x0000000091600000| Untracked 
| 279|0x0000000091700000, 0x0000000091700000, 0x0000000091800000|  0%| F|  |TAMS 0x0000000091700000| PB 0x0000000091700000| Untracked 
| 280|0x0000000091800000, 0x0000000091800000, 0x0000000091900000|  0%| F|  |TAMS 0x0000000091800000| PB 0x0000000091800000| Untracked 
| 281|0x0000000091900000, 0x0000000091900000, 0x0000000091a00000|  0%| F|  |TAMS 0x0000000091900000| PB 0x0000000091900000| Untracked 
| 282|0x0000000091a00000, 0x0000000091a00000, 0x0000000091b00000|  0%| F|  |TAMS 0x0000000091a00000| PB 0x0000000091a00000| Untracked 
| 283|0x0000000091b00000, 0x0000000091b00000, 0x0000000091c00000|  0%| F|  |TAMS 0x0000000091b00000| PB 0x0000000091b00000| Untracked 
| 284|0x0000000091c00000, 0x0000000091c00000, 0x0000000091d00000|  0%| F|  |TAMS 0x0000000091c00000| PB 0x0000000091c00000| Untracked 
| 285|0x0000000091d00000, 0x0000000091d00000, 0x0000000091e00000|  0%| F|  |TAMS 0x0000000091d00000| PB 0x0000000091d00000| Untracked 
| 286|0x0000000091e00000, 0x0000000091e00000, 0x0000000091f00000|  0%| F|  |TAMS 0x0000000091e00000| PB 0x0000000091e00000| Untracked 
| 287|0x0000000091f00000, 0x0000000091f00000, 0x0000000092000000|  0%| F|  |TAMS 0x0000000091f00000| PB 0x0000000091f00000| Untracked 
| 288|0x0000000092000000, 0x0000000092000000, 0x0000000092100000|  0%| F|  |TAMS 0x0000000092000000| PB 0x0000000092000000| Untracked 
| 289|0x0000000092100000, 0x0000000092100000, 0x0000000092200000|  0%| F|  |TAMS 0x0000000092100000| PB 0x0000000092100000| Untracked 
| 290|0x0000000092200000, 0x0000000092200000, 0x0000000092300000|  0%| F|  |TAMS 0x0000000092200000| PB 0x0000000092200000| Untracked 
| 291|0x0000000092300000, 0x0000000092300000, 0x0000000092400000|  0%| F|  |TAMS 0x0000000092300000| PB 0x0000000092300000| Untracked 
| 292|0x0000000092400000, 0x0000000092400000, 0x0000000092500000|  0%| F|  |TAMS 0x0000000092400000| PB 0x0000000092400000| Untracked 
| 293|0x0000000092500000, 0x0000000092500000, 0x0000000092600000|  0%| F|  |TAMS 0x0000000092500000| PB 0x0000000092500000| Untracked 
| 294|0x0000000092600000, 0x0000000092600000, 0x0000000092700000|  0%| F|  |TAMS 0x0000000092600000| PB 0x0000000092600000| Untracked 
| 295|0x0000000092700000, 0x0000000092700000, 0x0000000092800000|  0%| F|  |TAMS 0x0000000092700000| PB 0x0000000092700000| Untracked 
| 296|0x0000000092800000, 0x0000000092800000, 0x0000000092900000|  0%| F|  |TAMS 0x0000000092800000| PB 0x0000000092800000| Untracked 
| 297|0x0000000092900000, 0x0000000092900000, 0x0000000092a00000|  0%| F|  |TAMS 0x0000000092900000| PB 0x0000000092900000| Untracked 
| 298|0x0000000092a00000, 0x0000000092a00000, 0x0000000092b00000|  0%| F|  |TAMS 0x0000000092a00000| PB 0x0000000092a00000| Untracked 
| 299|0x0000000092b00000, 0x0000000092b00000, 0x0000000092c00000|  0%| F|  |TAMS 0x0000000092b00000| PB 0x0000000092b00000| Untracked 
| 300|0x0000000092c00000, 0x0000000092c00000, 0x0000000092d00000|  0%| F|  |TAMS 0x0000000092c00000| PB 0x0000000092c00000| Untracked 
| 301|0x0000000092d00000, 0x0000000092d00000, 0x0000000092e00000|  0%| F|  |TAMS 0x0000000092d00000| PB 0x0000000092d00000| Untracked 
| 302|0x0000000092e00000, 0x0000000092e80000, 0x0000000092f00000| 50%| E|  |TAMS 0x0000000092e00000| PB 0x0000000092e00000| Complete 
| 303|0x0000000092f00000, 0x0000000093000000, 0x0000000093000000|100%| E|CS|TAMS 0x0000000092f00000| PB 0x0000000092f00000| Complete 
|2027|0x00000000feb00000, 0x00000000fec00000, 0x00000000fec00000|100%| O|  |TAMS 0x00000000fec00000| PB 0x00000000fec00000| Updating 
|2028|0x00000000fec00000, 0x00000000fed00000, 0x00000000fed00000|100%| O|  |TAMS 0x00000000fed00000| PB 0x00000000fed00000| Updating 
|2029|0x00000000fed00000, 0x00000000fee00000, 0x00000000fee00000|100%| O|  |TAMS 0x00000000fee00000| PB 0x00000000fee00000| Untracked 
|2030|0x00000000fee00000, 0x00000000fef00000, 0x00000000fef00000|100%| O|  |TAMS 0x00000000fef00000| PB 0x00000000fef00000| Untracked 
|2031|0x00000000fef00000, 0x00000000ff000000, 0x00000000ff000000|100%| O|  |TAMS 0x00000000ff000000| PB 0x00000000ff000000| Untracked 
|2032|0x00000000ff000000, 0x00000000ff100000, 0x00000000ff100000|100%| O|  |TAMS 0x00000000ff100000| PB 0x00000000ff100000| Untracked 
|2033|0x00000000ff100000, 0x00000000ff200000, 0x00000000ff200000|100%| O|  |TAMS 0x00000000ff200000| PB 0x00000000ff200000| Untracked 
|2034|0x00000000ff200000, 0x00000000ff300000, 0x00000000ff300000|100%| O|  |TAMS 0x00000000ff300000| PB 0x00000000ff300000| Untracked 
|2035|0x00000000ff300000, 0x00000000ff400000, 0x00000000ff400000|100%| O|  |TAMS 0x00000000ff400000| PB 0x00000000ff400000| Untracked 
|2036|0x00000000ff400000, 0x00000000ff500000, 0x00000000ff500000|100%| O|  |TAMS 0x00000000ff500000| PB 0x00000000ff500000| Untracked 
|2037|0x00000000ff500000, 0x00000000ff600000, 0x00000000ff600000|100%| E|CS|TAMS 0x00000000ff500000| PB 0x00000000ff500000| Complete 
|2038|0x00000000ff600000, 0x00000000ff700000, 0x00000000ff700000|100%| E|CS|TAMS 0x00000000ff600000| PB 0x00000000ff600000| Complete 
|2039|0x00000000ff700000, 0x00000000ff800000, 0x00000000ff800000|100%| E|CS|TAMS 0x00000000ff700000| PB 0x00000000ff700000| Complete 
|2040|0x00000000ff800000, 0x00000000ff900000, 0x00000000ff900000|100%| E|CS|TAMS 0x00000000ff800000| PB 0x00000000ff800000| Complete 
|2041|0x00000000ff900000, 0x00000000ffa00000, 0x00000000ffa00000|100%| E|CS|TAMS 0x00000000ff900000| PB 0x00000000ff900000| Complete 
|2042|0x00000000ffa00000, 0x00000000ffb00000, 0x00000000ffb00000|100%| E|CS|TAMS 0x00000000ffa00000| PB 0x00000000ffa00000| Complete 
|2043|0x00000000ffb00000, 0x00000000ffc00000, 0x00000000ffc00000|100%| E|CS|TAMS 0x00000000ffb00000| PB 0x00000000ffb00000| Complete 
|2044|0x00000000ffc00000, 0x00000000ffd00000, 0x00000000ffd00000|100%| E|CS|TAMS 0x00000000ffc00000| PB 0x00000000ffc00000| Complete 
|2045|0x00000000ffd00000, 0x00000000ffe00000, 0x00000000ffe00000|100%| E|CS|TAMS 0x00000000ffd00000| PB 0x00000000ffd00000| Complete 
|2046|0x00000000ffe00000, 0x00000000fff00000, 0x00000000fff00000|100%| O|  |TAMS 0x00000000fff00000| PB 0x00000000fff00000| Updating 
|2047|0x00000000fff00000, 0x0000000100000000, 0x0000000100000000|100%| O|  |TAMS 0x0000000100000000| PB 0x0000000100000000| Untracked 

Card table byte_map: [0x000001cba3710000,0x000001cba3b10000] _byte_map_base: 0x000001cba3310000

Marking Bits: (CMBitMap*) 0x000001cb90ed36f0
 Bits: [0x000001cba3b10000, 0x000001cba5b10000)

Polling page: 0x000001cb8ee20000

Metaspace:

Usage:
  Non-class:    134.61 MB used.
      Class:     20.07 MB used.
       Both:    154.68 MB used.

Virtual space:
  Non-class space:      192.00 MB reserved,     135.81 MB ( 71%) committed,  3 nodes.
      Class space:        1.00 GB reserved,      21.25 MB (  2%) committed,  1 nodes.
             Both:        1.19 GB reserved,     157.06 MB ( 13%) committed. 

Chunk freelists:
   Non-Class:  8.21 MB
       Class:  11.28 MB
        Both:  19.49 MB

MaxMetaspaceSize: unlimited
CompressedClassSpaceSize: 1.00 GB
Initial GC threshold: 21.00 MB
Current GC threshold: 258.06 MB
CDS: off
 - commit_granule_bytes: 65536.
 - commit_granule_words: 8192.
 - virtual_space_node_default_size: 8388608.
 - enlarge_chunks_in_place: 1.
 - use_allocation_guard: 0.


Internal statistics:

num_allocs_failed_limit: 6.
num_arena_births: 4422.
num_arena_deaths: 2164.
num_vsnodes_births: 4.
num_vsnodes_deaths: 0.
num_space_committed: 2512.
num_space_uncommitted: 0.
num_chunks_returned_to_freelist: 2405.
num_chunks_taken_from_freelist: 11347.
num_chunk_merges: 834.
num_chunk_splits: 7456.
num_chunks_enlarged: 5275.
num_inconsistent_stats: 0.

CodeHeap 'non-profiled nmethods': size=120000Kb used=8192Kb max_used=8462Kb free=111807Kb
 bounds [0x000001cb9bab0000, 0x000001cb9c300000, 0x000001cba2fe0000]
CodeHeap 'profiled nmethods': size=120000Kb used=22613Kb max_used=23426Kb free=97386Kb
 bounds [0x000001cb93fe0000, 0x000001cb956d0000, 0x000001cb9b510000]
CodeHeap 'non-nmethods': size=5760Kb used=2227Kb max_used=2334Kb free=3532Kb
 bounds [0x000001cb9b510000, 0x000001cb9b780000, 0x000001cb9bab0000]
CodeCache: size=245760Kb, used=33032Kb, max_used=34222Kb, free=212725Kb
 total_blobs=12075, nmethods=10988, adapters=990, full_count=0
Compilation: enabled, stopped_count=0, restarted_count=0

Compilation events (20 events):
Event: 1886.345 Thread 0x000001cba876c930 17754       3       org.jetbrains.kotlin.com.intellij.lang.impl.PsiBuilderImpl::isCollapsedChameleon (39 bytes)
Event: 1886.346 Thread 0x000001cba876c930 nmethod 17754 0x000001cb956c0990 code [0x000001cb956c0b80, 0x000001cb956c1190]
Event: 1886.346 Thread 0x000001cba876c930 17757       3       org.jetbrains.kotlin.com.intellij.psi.impl.source.tree.CompositeElement::rawSetParents (54 bytes)
Event: 1886.346 Thread 0x000001cba876c930 nmethod 17757 0x000001cb956c1390 code [0x000001cb956c1580, 0x000001cb956c18f8]
Event: 1886.346 Thread 0x000001cba876c930 17755       3       org.jetbrains.kotlin.com.intellij.lang.impl.PsiBuilderImpl$StartMarker::addChild (37 bytes)
Event: 1886.347 Thread 0x000001cba876c930 nmethod 17755 0x000001cb956c1a90 code [0x000001cb956c1c60, 0x000001cb956c1f48]
Event: 1886.347 Thread 0x000001cba876c930 17748       3       org.jetbrains.kotlin.com.intellij.lang.impl.PsiBuilderImpl$StartMarker::rollbackTo (9 bytes)
Event: 1886.347 Thread 0x000001cba876c930 nmethod 17748 0x000001cb956c2010 code [0x000001cb956c21c0, 0x000001cb956c2370]
Event: 1886.347 Thread 0x000001cba876c930 17749       3       org.jetbrains.kotlin.com.intellij.lang.impl.PsiBuilderImpl::access$700 (6 bytes)
Event: 1886.347 Thread 0x000001cba876c930 nmethod 17749 0x000001cb956c2490 code [0x000001cb956c2640, 0x000001cb956c2760]
Event: 1886.347 Thread 0x000001cba876c930 17750       3       org.jetbrains.kotlin.com.intellij.lang.impl.PsiBuilderImpl::rollbackTo (97 bytes)
Event: 1886.348 Thread 0x000001cba876c930 nmethod 17750 0x000001cb956c2810 code [0x000001cb956c2a00, 0x000001cb956c2d80]
Event: 1886.348 Thread 0x000001cba876c930 17743       3       org.jetbrains.kotlin.com.intellij.lang.impl.PsiBuilderImpl::createComposite (112 bytes)
Event: 1886.350 Thread 0x000001cba876c930 nmethod 17743 0x000001cb956c2f10 code [0x000001cb956c3200, 0x000001cb956c3fa8]
Event: 1886.358 Thread 0x000001cba876be90 nmethod 17701 0x000001cb9c2eeb90 code [0x000001cb9c2eede0, 0x000001cb9c2f0268]
Event: 1886.359 Thread 0x000001cba876be90 17721       4       org.jetbrains.kotlin.com.intellij.util.containers.Stack::peek (25 bytes)
Event: 1886.361 Thread 0x000001cba876be90 nmethod 17721 0x000001cb9c2f0c10 code [0x000001cb9c2f0da0, 0x000001cb9c2f0ee8]
Event: 1886.363 Thread 0x000001cba876be90 17758       4       kotlin.Result::constructor-impl (2 bytes)
Event: 1886.364 Thread 0x000001cba876be90 nmethod 17758 0x000001cb9c2f1090 code [0x000001cb9c2f1200, 0x000001cb9c2f1268]
Event: 1886.374 Thread 0x000001cbb2844e30 nmethod 17730 0x000001cb9c2f1390 code [0x000001cb9c2f1ae0, 0x000001cb9c2f2e48]

GC Heap History (20 events):
Event: 1783.682 GC heap before
{Heap before GC invocations=61 (full 0):
 garbage-first heap   total 270336K, used 202735K [0x0000000080000000, 0x0000000100000000)
  region size 1024K, 42 young (43008K), 8 survivors (8192K)
 Metaspace       used 117865K, committed 120128K, reserved 1179648K
  class space    used 16419K, committed 17536K, reserved 1048576K
}
Event: 1783.698 GC heap after
{Heap after GC invocations=62 (full 0):
 garbage-first heap   total 270336K, used 171406K [0x0000000080000000, 0x0000000100000000)
  region size 1024K, 4 young (4096K), 4 survivors (4096K)
 Metaspace       used 117865K, committed 120128K, reserved 1179648K
  class space    used 16419K, committed 17536K, reserved 1048576K
}
Event: 1785.489 GC heap before
{Heap before GC invocations=62 (full 0):
 garbage-first heap   total 270336K, used 232846K [0x0000000080000000, 0x0000000100000000)
  region size 1024K, 65 young (66560K), 4 survivors (4096K)
 Metaspace       used 125195K, committed 127424K, reserved 1179648K
  class space    used 17120K, committed 18240K, reserved 1048576K
}
Event: 1785.499 GC heap after
{Heap after GC invocations=63 (full 0):
 garbage-first heap   total 270336K, used 174344K [0x0000000080000000, 0x0000000100000000)
  region size 1024K, 6 young (6144K), 6 survivors (6144K)
 Metaspace       used 125195K, committed 127424K, reserved 1179648K
  class space    used 17120K, committed 18240K, reserved 1048576K
}
Event: 1787.167 GC heap before
{Heap before GC invocations=63 (full 0):
 garbage-first heap   total 270336K, used 238856K [0x0000000080000000, 0x0000000100000000)
  region size 1024K, 69 young (70656K), 6 survivors (6144K)
 Metaspace       used 131858K, committed 134080K, reserved 1179648K
  class space    used 17811K, committed 18880K, reserved 1048576K
}
Event: 1787.194 GC heap after
{Heap after GC invocations=64 (full 0):
 garbage-first heap   total 270336K, used 178900K [0x0000000080000000, 0x0000000100000000)
  region size 1024K, 9 young (9216K), 9 survivors (9216K)
 Metaspace       used 131858K, committed 134080K, reserved 1179648K
  class space    used 17811K, committed 18880K, reserved 1048576K
}
Event: 1788.931 GC heap before
{Heap before GC invocations=64 (full 0):
 garbage-first heap   total 270336K, used 238292K [0x0000000080000000, 0x0000000100000000)
  region size 1024K, 67 young (68608K), 9 survivors (9216K)
 Metaspace       used 139452K, committed 141696K, reserved 1179648K
  class space    used 18760K, committed 19840K, reserved 1048576K
}
Event: 1789.042 GC heap after
{Heap after GC invocations=65 (full 0):
 garbage-first heap   total 270336K, used 182226K [0x0000000080000000, 0x0000000100000000)
  region size 1024K, 3 young (3072K), 3 survivors (3072K)
 Metaspace       used 139452K, committed 141696K, reserved 1179648K
  class space    used 18760K, committed 19840K, reserved 1048576K
}
Event: 1792.504 GC heap before
{Heap before GC invocations=66 (full 0):
 garbage-first heap   total 304128K, used 246738K [0x0000000080000000, 0x0000000100000000)
  region size 1024K, 66 young (67584K), 3 survivors (3072K)
 Metaspace       used 144657K, committed 146880K, reserved 1179648K
  class space    used 19292K, committed 20352K, reserved 1048576K
}
Event: 1792.518 GC heap after
{Heap after GC invocations=67 (full 0):
 garbage-first heap   total 304128K, used 194027K [0x0000000080000000, 0x0000000100000000)
  region size 1024K, 9 young (9216K), 9 survivors (9216K)
 Metaspace       used 144657K, committed 146880K, reserved 1179648K
  class space    used 19292K, committed 20352K, reserved 1048576K
}
Event: 1794.853 GC heap before
{Heap before GC invocations=67 (full 0):
 garbage-first heap   total 304128K, used 271851K [0x0000000080000000, 0x0000000100000000)
  region size 1024K, 85 young (87040K), 9 survivors (9216K)
 Metaspace       used 153968K, committed 156224K, reserved 1245184K
  class space    used 20421K, committed 21504K, reserved 1048576K
}
Event: 1794.874 GC heap after
{Heap after GC invocations=68 (full 0):
 garbage-first heap   total 304128K, used 197778K [0x0000000080000000, 0x0000000100000000)
  region size 1024K, 6 young (6144K), 6 survivors (6144K)
 Metaspace       used 153968K, committed 156224K, reserved 1245184K
  class space    used 20421K, committed 21504K, reserved 1048576K
}
Event: 1880.805 GC heap before
{Heap before GC invocations=68 (full 0):
 garbage-first heap   total 304128K, used 273554K [0x0000000080000000, 0x0000000100000000)
  region size 1024K, 81 young (82944K), 6 survivors (6144K)
 Metaspace       used 156238K, committed 158528K, reserved 1245184K
  class space    used 20678K, committed 21760K, reserved 1048576K
}
Event: 1880.828 GC heap after
{Heap after GC invocations=69 (full 0):
 garbage-first heap   total 304128K, used 198697K [0x0000000080000000, 0x0000000100000000)
  region size 1024K, 7 young (7168K), 7 survivors (7168K)
 Metaspace       used 156238K, committed 158528K, reserved 1245184K
  class space    used 20678K, committed 21760K, reserved 1048576K
}
Event: 1882.733 GC heap before
{Heap before GC invocations=70 (full 0):
 garbage-first heap   total 332800K, used 277545K [0x0000000080000000, 0x0000000100000000)
  region size 1024K, 85 young (87040K), 7 survivors (7168K)
 Metaspace       used 154640K, committed 158528K, reserved 1245184K
  class space    used 20227K, committed 21760K, reserved 1048576K
}
Event: 1882.756 GC heap after
{Heap after GC invocations=71 (full 0):
 garbage-first heap   total 332800K, used 203955K [0x0000000080000000, 0x0000000100000000)
  region size 1024K, 7 young (7168K), 7 survivors (7168K)
 Metaspace       used 154640K, committed 158528K, reserved 1245184K
  class space    used 20227K, committed 21760K, reserved 1048576K
}
Event: 1885.692 GC heap before
{Heap before GC invocations=71 (full 0):
 garbage-first heap   total 332800K, used 310451K [0x0000000080000000, 0x0000000100000000)
  region size 1024K, 104 young (106496K), 7 survivors (7168K)
 Metaspace       used 158778K, committed 160640K, reserved 1245184K
  class space    used 20684K, committed 21760K, reserved 1048576K
}
Event: 1885.709 GC heap after
{Heap after GC invocations=72 (full 0):
 garbage-first heap   total 332800K, used 200245K [0x0000000080000000, 0x0000000100000000)
  region size 1024K, 8 young (8192K), 8 survivors (8192K)
 Metaspace       used 158778K, committed 160640K, reserved 1245184K
  class space    used 20684K, committed 21760K, reserved 1048576K
}
Event: 1886.141 GC heap before
{Heap before GC invocations=72 (full 0):
 garbage-first heap   total 332800K, used 278069K [0x0000000080000000, 0x0000000100000000)
  region size 1024K, 85 young (87040K), 8 survivors (8192K)
 Metaspace       used 158791K, committed 160704K, reserved 1245184K
  class space    used 20684K, committed 21760K, reserved 1048576K
}
Event: 1886.182 GC heap after
{Heap after GC invocations=73 (full 0):
 garbage-first heap   total 332800K, used 233950K [0x0000000080000000, 0x0000000100000000)
  region size 1024K, 14 young (14336K), 14 survivors (14336K)
 Metaspace       used 158791K, committed 160704K, reserved 1245184K
  class space    used 20684K, committed 21760K, reserved 1048576K
}

Dll operation events (3 events):
Event: 0.027 Loaded shared library C:\Program Files\Android\Android Studio\jbr\bin\java.dll
Event: 0.042 Loaded shared library C:\Program Files\Android\Android Studio\jbr\bin\zip.dll
Event: 3.267 Loaded shared library C:\Program Files\Android\Android Studio\jbr\bin\verify.dll

Deoptimization events (20 events):
Event: 1885.133 Thread 0x000001cbb34839b0 Uncommon trap: trap_request=0xffffffde fr.pc=0x000001cb9c1cfd94 relative=0x0000000000002214
Event: 1885.133 Thread 0x000001cbb34839b0 Uncommon trap: reason=class_check action=maybe_recompile pc=0x000001cb9c1cfd94 method=kotlin.text.StringsKt__AppendableKt.appendElement(Ljava/lang/Appendable;Ljava/lang/Object;Lkotlin/jvm/functions/Function1;)V @ 62 c2
Event: 1885.133 Thread 0x000001cbb34839b0 DEOPT PACKING pc=0x000001cb9c1cfd94 sp=0x0000004af1ff6610
Event: 1885.133 Thread 0x000001cbb34839b0 DEOPT UNPACKING pc=0x000001cb9b5643a2 sp=0x0000004af1ff6588 mode 2
Event: 1885.134 Thread 0x000001cbb34839b0 Uncommon trap: trap_request=0xffffffde fr.pc=0x000001cb9c1cfd94 relative=0x0000000000002214
Event: 1885.134 Thread 0x000001cbb34839b0 Uncommon trap: reason=class_check action=maybe_recompile pc=0x000001cb9c1cfd94 method=kotlin.text.StringsKt__AppendableKt.appendElement(Ljava/lang/Appendable;Ljava/lang/Object;Lkotlin/jvm/functions/Function1;)V @ 62 c2
Event: 1885.134 Thread 0x000001cbb34839b0 DEOPT PACKING pc=0x000001cb9c1cfd94 sp=0x0000004af1ff6610
Event: 1885.134 Thread 0x000001cbb34839b0 DEOPT UNPACKING pc=0x000001cb9b5643a2 sp=0x0000004af1ff6588 mode 2
Event: 1885.138 Thread 0x000001cbb34839b0 Uncommon trap: trap_request=0xffffff45 fr.pc=0x000001cb9c282328 relative=0x0000000000000368
Event: 1885.138 Thread 0x000001cbb34839b0 Uncommon trap: reason=unstable_if action=reinterpret pc=0x000001cb9c282328 method=kotlin.text.StringsKt__StringsJVMKt.startsWith(Ljava/lang/String;Ljava/lang/String;Z)Z @ 14 c2
Event: 1885.138 Thread 0x000001cbb34839b0 DEOPT PACKING pc=0x000001cb9c282328 sp=0x0000004af1ff6800
Event: 1885.138 Thread 0x000001cbb34839b0 DEOPT UNPACKING pc=0x000001cb9b5643a2 sp=0x0000004af1ff67d0 mode 2
Event: 1885.278 Thread 0x000001cbb34839b0 Uncommon trap: trap_request=0xffffff45 fr.pc=0x000001cb9c118bb4 relative=0x0000000000000194
Event: 1885.278 Thread 0x000001cbb34839b0 Uncommon trap: reason=unstable_if action=reinterpret pc=0x000001cb9c118bb4 method=java.lang.reflect.AccessibleObject.checkCanSetAccessible(Ljava/lang/Class;Ljava/lang/Class;Z)Z @ 178 c2
Event: 1885.278 Thread 0x000001cbb34839b0 DEOPT PACKING pc=0x000001cb9c118bb4 sp=0x0000004af1ff5a10
Event: 1885.278 Thread 0x000001cbb34839b0 DEOPT UNPACKING pc=0x000001cb9b5643a2 sp=0x0000004af1ff59a8 mode 2
Event: 1885.428 Thread 0x000001cbb34839b0 DEOPT PACKING pc=0x000001cb94247bfd sp=0x0000004af1ff67b0
Event: 1885.428 Thread 0x000001cbb34839b0 DEOPT UNPACKING pc=0x000001cb9b564b42 sp=0x0000004af1ff5c40 mode 0
Event: 1885.840 Thread 0x000001cbb34839b0 DEOPT PACKING pc=0x000001cb9569376a sp=0x0000004af1ff3d10
Event: 1885.840 Thread 0x000001cbb34839b0 DEOPT UNPACKING pc=0x000001cb9b564b42 sp=0x0000004af1ff32a0 mode 0

Classes loaded (20 events):
Event: 1787.847 Loading class java/util/AbstractList$SubList$1
Event: 1787.848 Loading class java/util/AbstractList$SubList$1 done
Event: 1787.984 Loading class java/util/EnumMap$EntrySet
Event: 1787.985 Loading class java/util/EnumMap$EntrySet done
Event: 1787.985 Loading class java/util/EnumMap$EntryIterator
Event: 1787.985 Loading class java/util/EnumMap$EnumMapIterator
Event: 1787.985 Loading class java/util/EnumMap$EnumMapIterator done
Event: 1787.985 Loading class java/util/EnumMap$EntryIterator done
Event: 1787.985 Loading class java/util/EnumMap$EntryIterator$Entry
Event: 1787.986 Loading class java/util/EnumMap$EntryIterator$Entry done
Event: 1795.362 Loading class java/util/zip/ZipInputStream
Event: 1795.364 Loading class java/util/zip/ZipInputStream done
Event: 1795.387 Loading class java/nio/file/SimpleFileVisitor
Event: 1795.388 Loading class java/nio/file/SimpleFileVisitor done
Event: 1883.513 Loading class java/util/regex/Pattern$Pos
Event: 1883.514 Loading class java/util/regex/Pattern$Pos done
Event: 1885.095 Loading class java/rmi/RemoteException
Event: 1885.096 Loading class java/rmi/RemoteException done
Event: 1885.278 Loading class java/lang/reflect/InaccessibleObjectException
Event: 1885.279 Loading class java/lang/reflect/InaccessibleObjectException done

Classes unloaded (20 events):
Event: 1886.491 Thread 0x000001cba858e550 Unloading class 0x00000001002a1000 'java/lang/invoke/LambdaForm$MH+0x00000001002a1000'
Event: 1886.491 Thread 0x000001cba858e550 Unloading class 0x00000001002a0c00 'java/lang/invoke/LambdaForm$MH+0x00000001002a0c00'
Event: 1886.491 Thread 0x000001cba858e550 Unloading class 0x00000001002a0000 'java/lang/invoke/LambdaForm$MH+0x00000001002a0000'
Event: 1886.491 Thread 0x000001cba858e550 Unloading class 0x000000010029c000 'java/lang/invoke/LambdaForm$MH+0x000000010029c000'
Event: 1886.491 Thread 0x000001cba858e550 Unloading class 0x000000010028d000 'java/lang/invoke/LambdaForm$MH+0x000000010028d000'
Event: 1886.491 Thread 0x000001cba858e550 Unloading class 0x0000000100230400 'java/lang/invoke/LambdaForm$MH+0x0000000100230400'
Event: 1886.491 Thread 0x000001cba858e550 Unloading class 0x0000000100213400 'java/lang/invoke/LambdaForm$MH+0x0000000100213400'
Event: 1886.491 Thread 0x000001cba858e550 Unloading class 0x0000000100212000 'java/lang/invoke/LambdaForm$MH+0x0000000100212000'
Event: 1886.491 Thread 0x000001cba858e550 Unloading class 0x0000000100210400 'java/lang/invoke/LambdaForm$MH+0x0000000100210400'
Event: 1886.491 Thread 0x000001cba858e550 Unloading class 0x0000000100208400 'java/lang/invoke/LambdaForm$MH+0x0000000100208400'
Event: 1886.491 Thread 0x000001cba858e550 Unloading class 0x00000001001e0000 'java/lang/invoke/LambdaForm$MH+0x00000001001e0000'
Event: 1886.491 Thread 0x000001cba858e550 Unloading class 0x00000001001dbc00 'java/lang/invoke/LambdaForm$MH+0x00000001001dbc00'
Event: 1886.491 Thread 0x000001cba858e550 Unloading class 0x00000001001d3000 'java/lang/invoke/LambdaForm$MH+0x00000001001d3000'
Event: 1886.491 Thread 0x000001cba858e550 Unloading class 0x00000001001c5800 'java/lang/invoke/LambdaForm$MH+0x00000001001c5800'
Event: 1886.491 Thread 0x000001cba858e550 Unloading class 0x00000001001c5400 'java/lang/invoke/LambdaForm$MH+0x00000001001c5400'
Event: 1886.491 Thread 0x000001cba858e550 Unloading class 0x00000001001c4000 'java/lang/invoke/LambdaForm$MH+0x00000001001c4000'
Event: 1886.491 Thread 0x000001cba858e550 Unloading class 0x000000010018c400 'java/lang/invoke/LambdaForm$MH+0x000000010018c400'
Event: 1886.491 Thread 0x000001cba858e550 Unloading class 0x000000010018c000 'java/lang/invoke/LambdaForm$MH+0x000000010018c000'
Event: 1886.491 Thread 0x000001cba858e550 Unloading class 0x0000000100181000 'java/lang/invoke/LambdaForm$MH+0x0000000100181000'
Event: 1886.491 Thread 0x000001cba858e550 Unloading class 0x0000000100180c00 'java/lang/invoke/LambdaForm$MH+0x0000000100180c00'

Classes redefined (0 events):
No events

Internal exceptions (20 events):
Event: 1884.594 Thread 0x000001cbb8dce1a0 Exception <a 'sun/nio/fs/WindowsException'{0x00000000906417e0}> (0x00000000906417e0) 
thrown [s\src\hotspot\share\prims\jni.cpp, line 537]
Event: 1884.596 Thread 0x000001cbb8dce1a0 Exception <a 'sun/nio/fs/WindowsException'{0x000000009064aae0}> (0x000000009064aae0) 
thrown [s\src\hotspot\share\prims\jni.cpp, line 537]
Event: 1885.078 Thread 0x000001cbb34839b0 Exception <a 'sun/nio/fs/WindowsException'{0x000000008fcddff8}> (0x000000008fcddff8) 
thrown [s\src\hotspot\share\prims\jni.cpp, line 537]
Event: 1885.108 Thread 0x000001cbb34839b0 Exception <a 'java/lang/NoSuchMethodError'{0x000000008fae94e0}: 'int java.lang.invoke.DirectMethodHandle$Holder.invokeStaticInit(java.lang.Object, java.lang.Object, int)'> (0x000000008fae94e0) 
thrown [s\src\hotspot\share\interpreter\linkResolver.cpp, line 784]
Event: 1885.245 Thread 0x000001cbb34839b0 Exception <a 'java/lang/NoSuchMethodError'{0x000000008f3fe600}: 'int java.lang.invoke.DirectMethodHandle$Holder.invokeStatic(java.lang.Object, java.lang.Object, int, int)'> (0x000000008f3fe600) 
thrown [s\src\hotspot\share\interpreter\linkResolver.cpp, line 784]
Event: 1885.647 Thread 0x000001cbb34839b0 Exception <a 'sun/nio/fs/WindowsException'{0x000000008d59d5e8}> (0x000000008d59d5e8) 
thrown [s\src\hotspot\share\prims\jni.cpp, line 537]
Event: 1885.659 Thread 0x000001cbb34839b0 Exception <a 'sun/nio/fs/WindowsException'{0x000000008d4a20f8}> (0x000000008d4a20f8) 
thrown [s\src\hotspot\share\prims\jni.cpp, line 537]
Event: 1885.660 Thread 0x000001cbb34839b0 Exception <a 'sun/nio/fs/WindowsException'{0x000000008d4a92c8}> (0x000000008d4a92c8) 
thrown [s\src\hotspot\share\prims\jni.cpp, line 537]
Event: 1885.660 Thread 0x000001cbb34839b0 Exception <a 'sun/nio/fs/WindowsException'{0x000000008d4aaeb0}> (0x000000008d4aaeb0) 
thrown [s\src\hotspot\share\prims\jni.cpp, line 537]
Event: 1885.661 Thread 0x000001cbb34839b0 Exception <a 'sun/nio/fs/WindowsException'{0x000000008d4acce0}> (0x000000008d4acce0) 
thrown [s\src\hotspot\share\prims\jni.cpp, line 537]
Event: 1885.661 Thread 0x000001cbb34839b0 Exception <a 'sun/nio/fs/WindowsException'{0x000000008d4aeac8}> (0x000000008d4aeac8) 
thrown [s\src\hotspot\share\prims\jni.cpp, line 537]
Event: 1885.661 Thread 0x000001cbb34839b0 Exception <a 'sun/nio/fs/WindowsException'{0x000000008d4b0b38}> (0x000000008d4b0b38) 
thrown [s\src\hotspot\share\prims\jni.cpp, line 537]
Event: 1885.662 Thread 0x000001cbb34839b0 Exception <a 'sun/nio/fs/WindowsException'{0x000000008d4b2e48}> (0x000000008d4b2e48) 
thrown [s\src\hotspot\share\prims\jni.cpp, line 537]
Event: 1885.664 Thread 0x000001cbb34839b0 Exception <a 'sun/nio/fs/WindowsException'{0x000000008d4b5c20}> (0x000000008d4b5c20) 
thrown [s\src\hotspot\share\prims\jni.cpp, line 537]
Event: 1885.664 Thread 0x000001cbb34839b0 Exception <a 'sun/nio/fs/WindowsException'{0x000000008d4b77e0}> (0x000000008d4b77e0) 
thrown [s\src\hotspot\share\prims\jni.cpp, line 537]
Event: 1885.666 Thread 0x000001cbb34839b0 Exception <a 'sun/nio/fs/WindowsException'{0x000000008d4ba460}> (0x000000008d4ba460) 
thrown [s\src\hotspot\share\prims\jni.cpp, line 537]
Event: 1885.669 Thread 0x000001cbb34839b0 Exception <a 'sun/nio/fs/WindowsException'{0x000000008d4c0c50}> (0x000000008d4c0c50) 
thrown [s\src\hotspot\share\prims\jni.cpp, line 537]
Event: 1885.672 Thread 0x000001cbb34839b0 Exception <a 'sun/nio/fs/WindowsException'{0x000000008d4c3758}> (0x000000008d4c3758) 
thrown [s\src\hotspot\share\prims\jni.cpp, line 537]
Event: 1885.675 Thread 0x000001cbb34839b0 Exception <a 'sun/nio/fs/WindowsException'{0x000000008d4d34c0}> (0x000000008d4d34c0) 
thrown [s\src\hotspot\share\prims\jni.cpp, line 537]
Event: 1885.676 Thread 0x000001cbb34839b0 Exception <a 'sun/nio/fs/WindowsException'{0x000000008d4d55f8}> (0x000000008d4d55f8) 
thrown [s\src\hotspot\share\prims\jni.cpp, line 537]

ZGC Phase Switch (0 events):
No events

VM Operations (20 events):
Event: 1805.215 Executing VM operation: Cleanup done
Event: 1880.805 Executing VM operation: G1CollectForAllocation (G1 Evacuation Pause)
Event: 1880.828 Executing VM operation: G1CollectForAllocation (G1 Evacuation Pause) done
Event: 1881.411 Executing VM operation: G1PauseRemark
Event: 1881.579 Executing VM operation: G1PauseRemark done
Event: 1881.748 Executing VM operation: G1PauseCleanup
Event: 1881.748 Executing VM operation: G1PauseCleanup done
Event: 1882.597 Executing VM operation: ICBufferFull
Event: 1882.597 Executing VM operation: ICBufferFull done
Event: 1882.732 Executing VM operation: G1CollectForAllocation (G1 Evacuation Pause)
Event: 1882.756 Executing VM operation: G1CollectForAllocation (G1 Evacuation Pause) done
Event: 1883.758 Executing VM operation: Cleanup
Event: 1883.758 Executing VM operation: Cleanup done
Event: 1884.766 Executing VM operation: Cleanup
Event: 1884.766 Executing VM operation: Cleanup done
Event: 1885.692 Executing VM operation: G1CollectForAllocation (G1 Evacuation Pause)
Event: 1885.710 Executing VM operation: G1CollectForAllocation (G1 Evacuation Pause) done
Event: 1886.141 Executing VM operation: G1TryInitiateConcMark (G1 Humongous Allocation)
Event: 1886.182 Executing VM operation: G1TryInitiateConcMark (G1 Humongous Allocation) done
Event: 1886.489 Executing VM operation: G1PauseRemark

Memory protections (0 events):
No events

Nmethod flushes (20 events):
Event: 1886.513 Thread 0x000001cba858e550 flushing  nmethod 0x000001cb94b62e90
Event: 1886.513 Thread 0x000001cba858e550 flushing  nmethod 0x000001cb94bbd010
Event: 1886.513 Thread 0x000001cba858e550 flushing  nmethod 0x000001cb94d8b790
Event: 1886.513 Thread 0x000001cba858e550 flushing  nmethod 0x000001cb94d8bf10
Event: 1886.513 Thread 0x000001cba858e550 flushing  nmethod 0x000001cb94d8c690
Event: 1886.513 Thread 0x000001cba858e550 flushing  nmethod 0x000001cb94e08a90
Event: 1886.513 Thread 0x000001cba858e550 flushing  nmethod 0x000001cb94f36a90
Event: 1886.513 Thread 0x000001cba858e550 flushing  nmethod 0x000001cb94f8ca10
Event: 1886.513 Thread 0x000001cba858e550 flushing  nmethod 0x000001cb94fcd990
Event: 1886.513 Thread 0x000001cba858e550 flushing  nmethod 0x000001cb95076910
Event: 1886.513 Thread 0x000001cba858e550 flushing  nmethod 0x000001cb9507a710
Event: 1886.513 Thread 0x000001cba858e550 flushing  nmethod 0x000001cb950c4890
Event: 1886.513 Thread 0x000001cba858e550 flushing  nmethod 0x000001cb950c7410
Event: 1886.513 Thread 0x000001cba858e550 flushing  nmethod 0x000001cb95150310
Event: 1886.513 Thread 0x000001cba858e550 flushing  nmethod 0x000001cb95154c90
Event: 1886.513 Thread 0x000001cba858e550 flushing  nmethod 0x000001cb951d8d90
Event: 1886.513 Thread 0x000001cba858e550 flushing  nmethod 0x000001cb951d9190
Event: 1886.513 Thread 0x000001cba858e550 flushing  nmethod 0x000001cb95244590
Event: 1886.513 Thread 0x000001cba858e550 flushing  nmethod 0x000001cb95244990
Event: 1886.513 Thread 0x000001cba858e550 flushing  nmethod 0x000001cb95244e10

Events (20 events):
Event: 1882.448 Thread 0x000001cbb34839b0 Thread added: 0x000001cbb8dd85b0
Event: 1882.448 Thread 0x000001cbb34839b0 Thread added: 0x000001cbb8dd7890
Event: 1882.448 Thread 0x000001cbb34839b0 Thread added: 0x000001cbb8dd8c40
Event: 1882.539 Thread 0x000001cbb34839b0 Thread added: 0x000001cbb8dd5e50
Event: 1882.539 Thread 0x000001cbb34839b0 Thread added: 0x000001cbb8dd9960
Event: 1882.540 Thread 0x000001cbb34839b0 Thread added: 0x000001cbb8dd64e0
Event: 1882.541 Thread 0x000001cbb34839b0 Thread added: 0x000001cbb8ddad10
Event: 1882.542 Thread 0x000001cbb34839b0 Thread added: 0x000001cbb8dd9ff0
Event: 1882.543 Thread 0x000001cbb34839b0 Thread added: 0x000001cbb8dda680
Event: 1882.543 Thread 0x000001cbb34839b0 Thread added: 0x000001cbb8ddb3a0
Event: 1882.863 Thread 0x000001cba876c930 Thread added: 0x000001cbb28462a0
Event: 1883.108 Thread 0x000001cbb34839b0 Thread added: 0x000001cbb8dce1a0
Event: 1883.458 Thread 0x000001cbb28462a0 Thread exited: 0x000001cbb28462a0
Event: 1883.458 Thread 0x000001cbb2844e30 Thread exited: 0x000001cbb2844e30
Event: 1883.491 Thread 0x000001cba876c930 Thread added: 0x000001cbb28462a0
Event: 1883.864 Thread 0x000001cba876c930 Thread added: 0x000001cbb2842c20
Event: 1884.508 Thread 0x000001cbb2842c20 Thread exited: 0x000001cbb2842c20
Event: 1885.319 Thread 0x000001cbb28462a0 Thread exited: 0x000001cbb28462a0
Event: 1885.500 Thread 0x000001cba876c930 Thread added: 0x000001cbb2844e30
Event: 1885.737 Thread 0x000001cba876be90 Thread added: 0x000001cbb28439c0


Dynamic libraries:
0x00007ff77c9b0000 - 0x00007ff77c9ba000 	C:\Program Files\Android\Android Studio\jbr\bin\java.exe
0x00007ffa03840000 - 0x00007ffa03aa7000 	C:\WINDOWS\SYSTEM32\ntdll.dll
0x00007ffa034d0000 - 0x00007ffa03599000 	C:\WINDOWS\System32\KERNEL32.DLL
0x00007ffa01080000 - 0x00007ffa01474000 	C:\WINDOWS\System32\KERNELBASE.dll
0x00007ffa01480000 - 0x00007ffa015cb000 	C:\WINDOWS\System32\ucrtbase.dll
0x00007ff9f9af0000 - 0x00007ff9f9b08000 	C:\Program Files\Android\Android Studio\jbr\bin\jli.dll
0x00007ff9cc6a0000 - 0x00007ff9cc6bb000 	C:\Program Files\Android\Android Studio\jbr\bin\VCRUNTIME140.dll
0x00007ffa031c0000 - 0x00007ffa03385000 	C:\WINDOWS\System32\USER32.dll
0x00007ffa00ed0000 - 0x00007ffa00ef7000 	C:\WINDOWS\System32\win32u.dll
0x00007ff9e7720000 - 0x00007ff9e79b3000 	C:\WINDOWS\WinSxS\amd64_microsoft.windows.common-controls_6595b64144ccf1df_6.0.26100.8115_none_3e075c82e3354f9c\COMCTL32.dll
0x00007ffa01d40000 - 0x00007ffa01d6b000 	C:\WINDOWS\System32\GDI32.dll
0x00007ffa035a0000 - 0x00007ffa03649000 	C:\WINDOWS\System32\msvcrt.dll
0x00007ffa00da0000 - 0x00007ffa00eca000 	C:\WINDOWS\System32\gdi32full.dll
0x00007ffa00980000 - 0x00007ffa00a23000 	C:\WINDOWS\System32\msvcp_win.dll
0x00007ffa01e90000 - 0x00007ffa01ec2000 	C:\WINDOWS\System32\IMM32.DLL
0x00007ff9fd230000 - 0x00007ff9fd23c000 	C:\Program Files\Android\Android Studio\jbr\bin\vcruntime140_1.dll
0x00007ff9bdc40000 - 0x00007ff9bdccd000 	C:\Program Files\Android\Android Studio\jbr\bin\msvcp140.dll
0x00007ff9601b0000 - 0x00007ff960e46000 	C:\Program Files\Android\Android Studio\jbr\bin\server\jvm.dll
0x00007ffa036f0000 - 0x00007ffa037a6000 	C:\WINDOWS\System32\ADVAPI32.dll
0x00007ffa03420000 - 0x00007ffa034c7000 	C:\WINDOWS\System32\sechost.dll
0x00007ffa01ed0000 - 0x00007ffa01fe8000 	C:\WINDOWS\System32\RPCRT4.dll
0x00007ffa01d80000 - 0x00007ffa01e00000 	C:\WINDOWS\System32\WS2_32.dll
0x00007ff9fff70000 - 0x00007ff9fffce000 	C:\WINDOWS\SYSTEM32\POWRPROF.dll
0x00007ff9ef9a0000 - 0x00007ff9ef9d6000 	C:\WINDOWS\SYSTEM32\WINMM.dll
0x00007ff9f3660000 - 0x00007ff9f366b000 	C:\WINDOWS\SYSTEM32\VERSION.dll
0x00007ff9fff50000 - 0x00007ff9fff64000 	C:\WINDOWS\SYSTEM32\UMPDC.dll
0x00007ff9fee60000 - 0x00007ff9fee7b000 	C:\WINDOWS\SYSTEM32\kernel.appcore.dll
0x00007ff9f3680000 - 0x00007ff9f368a000 	C:\Program Files\Android\Android Studio\jbr\bin\jimage.dll
0x00007ff9fde40000 - 0x00007ff9fe082000 	C:\WINDOWS\SYSTEM32\DBGHELP.DLL
0x00007ffa02850000 - 0x00007ffa02bd2000 	C:\WINDOWS\System32\combase.dll
0x00007ffa02d10000 - 0x00007ffa02de7000 	C:\WINDOWS\System32\OLEAUT32.dll
0x00007ff9da310000 - 0x00007ff9da34b000 	C:\WINDOWS\SYSTEM32\dbgcore.DLL
0x00007ffa00ba0000 - 0x00007ffa00c45000 	C:\WINDOWS\System32\bcryptPrimitives.dll
0x00007ff9ccef0000 - 0x00007ff9ccefe000 	C:\Program Files\Android\Android Studio\jbr\bin\instrument.dll
0x00007ff9bfd10000 - 0x00007ff9bfd30000 	C:\Program Files\Android\Android Studio\jbr\bin\java.dll
0x00007ff9bfcf0000 - 0x00007ff9bfd08000 	C:\Program Files\Android\Android Studio\jbr\bin\zip.dll
0x00007ffa015d0000 - 0x00007ffa01d36000 	C:\WINDOWS\System32\SHELL32.dll
0x00007ffa00a30000 - 0x00007ffa00b9a000 	C:\WINDOWS\System32\wintypes.dll
0x00007ffa00110000 - 0x00007ffa00975000 	C:\WINDOWS\System32\windows.storage.dll
0x00007ffa02fd0000 - 0x00007ffa030c7000 	C:\WINDOWS\System32\SHCORE.dll
0x00007ffa033a0000 - 0x00007ffa03406000 	C:\WINDOWS\System32\shlwapi.dll
0x00007ffa00030000 - 0x00007ffa00059000 	C:\WINDOWS\SYSTEM32\profapi.dll
0x00007ff9ee6a0000 - 0x00007ff9ee6b0000 	C:\Program Files\Android\Android Studio\jbr\bin\net.dll
0x00007ff9f6f30000 - 0x00007ff9f705d000 	C:\WINDOWS\SYSTEM32\WINHTTP.dll
0x00007ff9ff3b0000 - 0x00007ff9ff41c000 	C:\WINDOWS\system32\mswsock.dll
0x00007ff9bfcd0000 - 0x00007ff9bfce6000 	C:\Program Files\Android\Android Studio\jbr\bin\nio.dll
0x00007ff9cd020000 - 0x00007ff9cd030000 	C:\Program Files\Android\Android Studio\jbr\bin\verify.dll
0x00007ff9bd970000 - 0x00007ff9bd997000 	C:\Users\Administrator\.gradle\native\660c5614fbf4a5f2a75b1949f50a0caf5cd603558e7d8a26e50b933a0cfb79d1\windows-amd64\native-platform.dll
0x00007ff9bdbc0000 - 0x00007ff9bdc37000 	C:\Users\Administrator\.gradle\native\0.2.8\x86_64-windows-gnu\gradle-fileevents.dll
0x00007ff9e0450000 - 0x00007ff9e0459000 	C:\Program Files\Android\Android Studio\jbr\bin\management.dll
0x00007ff9da4a0000 - 0x00007ff9da4ab000 	C:\Program Files\Android\Android Studio\jbr\bin\management_ext.dll
0x00007ffa03390000 - 0x00007ffa03398000 	C:\WINDOWS\System32\PSAPI.DLL
0x00007ff9fe760000 - 0x00007ff9fe792000 	C:\WINDOWS\SYSTEM32\IPHLPAPI.DLL
0x00007ffa01ff0000 - 0x00007ffa01ffa000 	C:\WINDOWS\System32\NSI.dll
0x00007ff9e5de0000 - 0x00007ff9e5de9000 	C:\Program Files\Android\Android Studio\jbr\bin\extnet.dll
0x00007ff9ff7b0000 - 0x00007ff9ff7cb000 	C:\WINDOWS\SYSTEM32\CRYPTSP.dll
0x00007ff9fedc0000 - 0x00007ff9fedf9000 	C:\WINDOWS\system32\rsaenh.dll
0x00007ff9ff460000 - 0x00007ff9ff493000 	C:\WINDOWS\SYSTEM32\USERENV.dll
0x00007ffa00000000 - 0x00007ffa0002a000 	C:\WINDOWS\SYSTEM32\bcrypt.dll
0x00007ff9ff610000 - 0x00007ff9ff61c000 	C:\WINDOWS\SYSTEM32\CRYPTBASE.dll
0x00007ff9c3850000 - 0x00007ff9c3858000 	C:\WINDOWS\system32\wshunix.dll

JVMTI agents:
C:\Users\Administrator\.gradle\wrapper\dists\gradle-9.2.1-bin\2t0n5ozlw9xmuyvbp7dnzaxug\gradle-9.2.1\lib\agents\gradle-instrumentation-agent-9.2.1.jar path:C:\Program Files\Android\Android Studio\jbr\bin\instrument.dll, loaded, initialized, instrumentlib options:none

dbghelp: loaded successfully - version: 4.0.5 - missing functions: none
symbol engine: initialized successfully - sym options: 0x614 - pdb path: .;C:\Program Files\Android\Android Studio\jbr\bin;C:\WINDOWS\SYSTEM32;C:\WINDOWS\WinSxS\amd64_microsoft.windows.common-controls_6595b64144ccf1df_6.0.26100.8115_none_3e075c82e3354f9c;C:\Program Files\Android\Android Studio\jbr\bin\server;C:\Users\Administrator\.gradle\native\660c5614fbf4a5f2a75b1949f50a0caf5cd603558e7d8a26e50b933a0cfb79d1\windows-amd64;C:\Users\Administrator\.gradle\native\0.2.8\x86_64-windows-gnu

VM Arguments:
jvm_args: --add-opens=java.base/java.lang=ALL-UNNAMED --add-opens=java.base/java.lang.invoke=ALL-UNNAMED --add-opens=java.base/java.util=ALL-UNNAMED --add-opens=java.prefs/java.util.prefs=ALL-UNNAMED --add-exports=jdk.compiler/com.sun.tools.javac.api=ALL-UNNAMED --add-exports=jdk.compiler/com.sun.tools.javac.util=ALL-UNNAMED --add-opens=java.base/java.util=ALL-UNNAMED --add-opens=java.prefs/java.util.prefs=ALL-UNNAMED --add-opens=java.base/java.nio.charset=ALL-UNNAMED --add-opens=java.base/java.net=ALL-UNNAMED --add-opens=java.base/java.util.concurrent=ALL-UNNAMED --add-opens=java.base/java.util.concurrent.atomic=ALL-UNNAMED --add-opens=java.xml/javax.xml.namespace=ALL-UNNAMED --add-opens=java.base/java.time=ALL-UNNAMED -Xmx2048m -Dfile.encoding=UTF-8 -Duser.country=US -Duser.language=en -Duser.variant -javaagent:C:\Users\Administrator\.gradle\wrapper\dists\gradle-9.2.1-bin\2t0n5ozlw9xmuyvbp7dnzaxug\gradle-9.2.1\lib\agents\gradle-instrumentation-agent-9.2.1.jar 
java_command: org.gradle.launcher.daemon.bootstrap.GradleDaemon 9.2.1
java_class_path (initial): C:\Users\Administrator\.gradle\wrapper\dists\gradle-9.2.1-bin\2t0n5ozlw9xmuyvbp7dnzaxug\gradle-9.2.1\lib\gradle-daemon-main-9.2.1.jar
Launcher Type: SUN_STANDARD

[Global flags]
     intx CICompilerCount                          = 4                                         {product} {ergonomic}
     uint ConcGCThreads                            = 2                                         {product} {ergonomic}
     uint G1ConcRefinementThreads                  = 8                                         {product} {ergonomic}
   size_t G1HeapRegionSize                         = 1048576                                   {product} {ergonomic}
    uintx GCDrainStackTargetSize                   = 64                                        {product} {ergonomic}
   size_t InitialHeapSize                          = 132120576                                 {product} {ergonomic}
   size_t MarkStackSize                            = 4194304                                   {product} {ergonomic}
   size_t MaxHeapSize                              = 2147483648                                {product} {command line}
   size_t MaxNewSize                               = 1287651328                                {product} {ergonomic}
   size_t MinHeapDeltaBytes                        = 1048576                                   {product} {ergonomic}
   size_t MinHeapSize                              = 8388608                                   {product} {ergonomic}
    uintx NonNMethodCodeHeapSize                   = 5839372                                {pd product} {ergonomic}
    uintx NonProfiledCodeHeapSize                  = 122909434                              {pd product} {ergonomic}
    uintx ProfiledCodeHeapSize                     = 122909434                              {pd product} {ergonomic}
    uintx ReservedCodeCacheSize                    = 251658240                              {pd product} {ergonomic}
     bool SegmentedCodeCache                       = true                                      {product} {ergonomic}
   size_t SoftMaxHeapSize                          = 2147483648                             {manageable} {ergonomic}
     bool UseCompressedOops                        = true                           {product lp64_product} {ergonomic}
     bool UseG1GC                                  = true                                      {product} {ergonomic}
     bool UseLargePagesIndividualAllocation        = false                                  {pd product} {ergonomic}

Logging:
Log output configuration:
 #0: stdout all=warning uptime,level,tags foldmultilines=false
 #1: stderr all=off uptime,level,tags foldmultilines=false

Release file:
JAVA_VERSION="21.0.9" 
MODULES="java.base java.compiler java.datatransfer java.xml java.prefs java.desktop java.instrument java.logging java.management java.security.sasl java.naming java.rmi java.management.rmi java.net.http java.scripting java.security.jgss java.transaction.xa java.sql java.sql.rowset java.xml.crypto java.se java.smartcardio jdk.accessibility jdk.internal.jvmstat jdk.attach jdk.charsets jdk.internal.opt jdk.zipfs jdk.compiler jdk.crypto.ec jdk.crypto.cryptoki jdk.dynalink jdk.hotspot.agent jdk.httpserver jdk.internal.ed jdk.internal.le jdk.internal.vm.ci jdk.jartool jdk.javadoc jdk.jcmd jdk.jdeps jdk.jdwp.agent jdk.jdi jdk.jfr jdk.jlink jdk.jsobject jdk.localedata jdk.management jdk.management.agent jdk.management.jfr jdk.naming.dns jdk.naming.rmi jdk.net jdk.sctp jdk.security.auth jdk.security.jgss jdk.unsupported jdk.unsupported.desktop jdk.xml.dom" 
IMPLEMENTOR="JetBrains s.r.o." 
JAVA_RUNTIME_VERSION="21.0.9+-14649483-b1163.86" 
LIBC="default" 
OS_ARCH="x86_64" 
OS_NAME="Windows" 
SOURCE=".:git:554d0c326095" 

Environment Variables:
JAVA_HOME=C:\Users\Administrator\Eclipse Adoptium\jdk-25.0.36
PATH=C:\WINDOWS\system32;C:\WINDOWS;C:\WINDOWS\System32\Wbem;C:\WINDOWS\System32\WindowsPowerShell\v1.0\;C:\WINDOWS\System32\OpenSSH\;C:\Program Files\Git\cmd;C:\Users\Administrator\AppData\Local\Microsoft\WindowsApps;C:\Users\Administrator\AppData\Local\Programs\Microsoft VS Code\bin;C:\Program Files\Eclipse Adoptium\jdk-25.0.36\bin;C:\Users\Administrator\Eclipse Adoptium\jdk-25.0.36\bin;C:\Program Files\JetBrains\IntelliJ IDEA 2025.2.4\bin
USERNAME=Administrator
OS=Windows_NT
PROCESSOR_IDENTIFIER=Intel64 Family 6 Model 142 Stepping 12, GenuineIntel
TMP=C:\Users\ADMINI~1\AppData\Local\Temp
TEMP=C:\Users\ADMINI~1\AppData\Local\Temp




Periodic native trim disabled

JNI global refs:
JNI global refs: 28, weak refs: 0

JNI global refs memory usage: 835, weak refs: 833

Process memory usage:
Resident Set Size: 615604K (7% of 8155428K total physical memory with 771496K free physical memory)

OOME stack traces (most recent first):
Classloader memory used:
Loader org.gradle.internal.classloader.VisitableURLClassLoader                         : 104M
Loader bootstrap                                                                       : 23974K
Loader org.gradle.internal.classloader.VisitableURLClassLoader$InstrumentingVisitableURLClassLoader: 12968K
Loader org.gradle.initialization.MixInLegacyTypesClassLoader                           : 12435K
Loader org.gradle.internal.classloader.VisitableURLClassLoader                         : 1073K
Loader jdk.internal.reflect.DelegatingClassLoader                                      : 493K
Loader jdk.internal.jrtfs.JrtFileSystemProvider$JrtFsLoader                            : 340K
Loader jdk.internal.loader.ClassLoaders$AppClassLoader                                 : 230K
Loader jdk.internal.loader.ClassLoaders$PlatformClassLoader                            : 202K
Loader org.gradle.groovy.scripts.internal.DefaultScriptCompilationHandler$ScriptClassLoader: 160K

Classes loaded by more than one classloader:
Class Program                                                                         : loaded 5 times (x 74B)
Class Build_gradle                                                                    : loaded 3 times (x 72B)
Class com.google.common.collect.PeekingIterator                                       : loaded 3 times (x 70B)
Class com.google.common.base.Preconditions                                            : loaded 3 times (x 71B)
Class org.gradle.internal.IoActions                                                   : loaded 3 times (x 71B)
Class org.gradle.api.GradleException                                                  : loaded 3 times (x 82B)
Class org.gradle.api.Action                                                           : loaded 3 times (x 70B)
Class org.gradle.internal.Cast                                                        : loaded 3 times (x 71B)
Class com.google.common.collect.ImmutableList                                         : loaded 3 times (x 206B)
Class com.google.common.collect.Iterators$9                                           : loaded 3 times (x 81B)
Class com.google.common.collect.Lists                                                 : loaded 3 times (x 71B)
Class com.google.common.collect.ImmutableCollection                                   : loaded 3 times (x 125B)
Class com.google.common.collect.Iterators$5                                           : loaded 3 times (x 82B)
Class com.google.common.collect.Iterators$4                                           : loaded 3 times (x 82B)
Class com.google.common.collect.Iterators$1                                           : loaded 3 times (x 81B)
Class com.google.common.collect.Iterators$MergingIterator                             : loaded 3 times (x 81B)
Class com.google.common.collect.AbstractIndexedListIterator                           : loaded 3 times (x 96B)
Class com.google.common.collect.UnmodifiableListIterator                              : loaded 3 times (x 95B)
Class com.google.common.collect.AbstractIterator                                      : loaded 3 times (x 82B)
Class com.google.common.collect.Lists$StringAsImmutableList                           : loaded 3 times (x 207B)
Class org.gradle.kotlin.dsl.VersionCatalogAccessorsKt                                 : loaded 3 times (x 71B)
Class com.google.common.collect.Iterators                                             : loaded 3 times (x 71B)
Class com.google.common.collect.Iterators$SingletonIterator                           : loaded 3 times (x 81B)
Class com.google.common.collect.UnmodifiableIterator                                  : loaded 3 times (x 80B)
Class com.google.common.collect.Iterators$ArrayItr                                    : loaded 3 times (x 97B)
Class org.gradle.internal.classloader.ClassLoaderVisitor                              : loaded 2 times (x 76B)
Class [Lcom.google.common.collect.ImmutableMapEntry;                                  : loaded 2 times (x 69B)
Class org.gradle.api.internal.classpath.EffectiveClassPath                            : loaded 2 times (x 90B)
Class com.google.common.collect.ListMultimap                                          : loaded 2 times (x 70B)
Class com.google.common.collect.ImmutableEnumMap                                      : loaded 2 times (x 126B)
Class org.gradle.tooling.internal.gradle.DefaultProjectIdentifier                     : loaded 2 times (x 86B)
Class com.google.common.collect.Sets$1                                                : loaded 2 times (x 139B)
Class org.objectweb.asm.AnnotationVisitor                                             : loaded 2 times (x 78B)
Class org.gradle.api.internal.DefaultClassPathProvider                                : loaded 2 times (x 76B)
Class com.google.common.collect.Sets$2                                                : loaded 2 times (x 139B)
Class [Lorg.gradle.api.internal.ClassPathProvider;                                    : loaded 2 times (x 69B)
Class org.gradle.api.internal.ClassPathProvider                                       : loaded 2 times (x 70B)
Class [Lorg.objectweb.asm.AnnotationVisitor;                                          : loaded 2 times (x 69B)
Class com.google.common.collect.Sets$3                                                : loaded 2 times (x 139B)
Class com.google.common.cache.LocalCache$LocalLoadingCache                            : loaded 2 times (x 134B)
Class org.gradle.internal.service.UnknownServiceException                             : loaded 2 times (x 83B)
Class com.google.common.collect.Sets$4                                                : loaded 2 times (x 139B)
Class org.objectweb.asm.ModuleVisitor                                                 : loaded 2 times (x 81B)
Class com.google.common.cache.LocalCache$Strength$1                                   : loaded 2 times (x 81B)
Class com.google.common.util.concurrent.SettableFuture                                : loaded 2 times (x 114B)
Class com.google.common.cache.LocalCache$Strength$2                                   : loaded 2 times (x 81B)
Class com.google.common.cache.LocalCache$Strength$3                                   : loaded 2 times (x 81B)
Class com.google.common.collect.MapDifference                                         : loaded 2 times (x 70B)
Class org.objectweb.asm.FieldWriter                                                   : loaded 2 times (x 78B)
Class com.google.common.cache.CacheBuilder$NullListener                               : loaded 2 times (x 82B)
Class org.gradle.internal.classpath.TransformedClassPath                              : loaded 2 times (x 96B)
Class org.gradle.internal.classloader.InstrumentingClassLoader                        : loaded 2 times (x 70B)
Class com.google.common.cache.CacheLoader$FunctionToCacheLoader                       : loaded 2 times (x 75B)
Class kotlin.collections.AbstractList$Companion                                       : loaded 2 times (x 71B)
Class com.google.common.collect.ImmutableCollection$Builder                           : loaded 2 times (x 76B)
Class kotlin.enums.EnumEntriesList                                                    : loaded 2 times (x 223B)
Class com.google.common.base.MoreObjects                                              : loaded 2 times (x 71B)
Class com.google.common.collect.Platform                                              : loaded 2 times (x 71B)
Class [Lorg.objectweb.asm.Type;                                                       : loaded 2 times (x 69B)
Class org.jetbrains.kotlin.build.report.metrics.GradleBuildTime                       : loaded 2 times (x 86B)
Class org.gradle.internal.classloader.DefaultClassLoaderFactory                       : loaded 2 times (x 82B)
Class org.gradle.internal.service.ServiceLocator                                      : loaded 2 times (x 70B)
Class jdk.internal.jrtfs.JrtFileSystemProvider                                        : loaded 2 times (x 101B)
Class com.google.common.base.Ascii                                                    : loaded 2 times (x 71B)
Class com.google.common.collect.SingletonImmutableBiMap                               : loaded 2 times (x 143B)
Class com.google.common.cache.LocalCache$1                                            : loaded 2 times (x 89B)
Class com.google.common.base.Suppliers                                                : loaded 2 times (x 71B)
Class com.google.common.collect.AbstractMapEntry                                      : loaded 2 times (x 81B)
Class com.intellij.gradle.toolingExtension.util.GradleVersionUtil                     : loaded 2 times (x 71B)
Class org.gradle.tooling.model.UnsupportedMethodException                             : loaded 2 times (x 82B)
Class com.google.common.collect.AbstractMultimap                                      : loaded 2 times (x 123B)
Class com.google.common.cache.LocalCache$2                                            : loaded 2 times (x 142B)
Class ijInit1_6l9dy5qe78zimjk27bm4z090c                                               : loaded 2 times (x 171B)
Class com.google.common.collect.RegularImmutableAsList                                : loaded 2 times (x 217B)
Class com.google.common.util.concurrent.AbstractFuture$Trusted                        : loaded 2 times (x 70B)
Class [Lcom.google.common.cache.CacheBuilder$OneWeigher;                              : loaded 2 times (x 69B)
Class org.objectweb.asm.MethodTooLargeException                                       : loaded 2 times (x 83B)
Class jdk.internal.jimage.ImageLocation                                               : loaded 2 times (x 90B)
Class com.google.common.base.Platform$JdkPatternCompiler                              : loaded 2 times (x 75B)
Class [Lorg.jetbrains.kotlin.build.report.metrics.BuildTime;                          : loaded 2 times (x 69B)
Class com.google.common.util.concurrent.UncheckedExecutionException                   : loaded 2 times (x 82B)
Class jdk.internal.jimage.ImageBufferCache$1                                          : loaded 2 times (x 83B)
Class org.objectweb.asm.ClassWriter                                                   : loaded 2 times (x 106B)
Class com.google.common.cache.CacheLoader$UnsupportedLoadingOperationException        : loaded 2 times (x 82B)
Class com.google.common.base.CharMatcher$And                                          : loaded 2 times (x 112B)
Class org.gradle.internal.time.DefaultTimer                                           : loaded 2 times (x 80B)
Class org.gradle.internal.classloader.ClasspathUtil$1                                 : loaded 2 times (x 76B)
Class jdk.internal.jimage.ImageBufferCache$2                                          : loaded 2 times (x 91B)
Class org.objectweb.asm.FieldVisitor                                                  : loaded 2 times (x 77B)
Class com.google.common.collect.IndexedImmutableSet                                   : loaded 2 times (x 152B)
Class com.google.common.collect.ImmutableMap$1                                        : loaded 2 times (x 81B)
Class com.google.common.collect.BiMap                                                 : loaded 2 times (x 70B)
Class org.gradle.api.internal.classpath.DefaultModuleRegistry$DefaultModule           : loaded 2 times (x 86B)
Class com.google.common.primitives.Ints                                               : loaded 2 times (x 71B)
Class org.gradle.internal.operations.MultipleBuildOperationFailures                   : loaded 2 times (x 95B)
Class com.google.common.math.MathPreconditions                                        : loaded 2 times (x 71B)
Class com.google.common.collect.Multiset                                              : loaded 2 times (x 70B)
Class com.google.common.collect.ArrayListMultimapGwtSerializationDependencies         : loaded 2 times (x 172B)
Class org.objectweb.asm.ClassVisitor                                                  : loaded 2 times (x 88B)
Class org.gradle.internal.time.DefaultCountdownTimer                                  : loaded 2 times (x 88B)
Class com.google.common.collect.ImmutableMapEntrySet                                  : loaded 2 times (x 152B)
Class org.gradle.tooling.internal.gradle.DefaultBuildIdentifier                       : loaded 2 times (x 79B)
Class org.gradle.api.internal.classpath.Module                                        : loaded 2 times (x 70B)
Class com.google.common.cache.Weigher                                                 : loaded 2 times (x 70B)
Class org.gradle.api.internal.classpath.UnknownModuleException                        : loaded 2 times (x 82B)
Class jdk.internal.jimage.ImageHeader                                                 : loaded 2 times (x 71B)
Class com.google.common.base.Stopwatch                                                : loaded 2 times (x 72B)
Class com.google.common.cache.LocalCache$Strength                                     : loaded 2 times (x 81B)
Class com.google.common.cache.Cache                                                   : loaded 2 times (x 70B)
Class com.google.common.util.concurrent.AbstractFuture$Cancellation                   : loaded 2 times (x 72B)
Class com.google.common.collect.ImmutableMap$Builder                                  : loaded 2 times (x 82B)
Class com.google.common.cache.RemovalListener                                         : loaded 2 times (x 70B)
Class org.gradle.tooling.internal.gradle.GradleProjectIdentity                        : loaded 2 times (x 70B)
Class org.gradle.api.internal.DefaultClassPathRegistry                                : loaded 2 times (x 76B)
Class com.google.common.primitives.IntsMethodsForWeb                                  : loaded 2 times (x 71B)
Class com.google.common.collect.Multimap                                              : loaded 2 times (x 70B)
Class org.gradle.api.internal.ClassPathRegistry                                       : loaded 2 times (x 70B)
Class org.gradle.internal.classpath.DefaultClassPath$ImmutableUniqueList              : loaded 2 times (x 199B)
Class jdk.internal.jimage.decompressor.ResourceDecompressor                           : loaded 2 times (x 70B)
Class [Lorg.objectweb.asm.Symbol;                                                     : loaded 2 times (x 69B)
Class com.google.common.cache.CacheBuilder                                            : loaded 2 times (x 72B)
Class com.google.common.collect.SingletonImmutableList                                : loaded 2 times (x 207B)
Class Settings_gradle$1                                                               : loaded 2 times (x 74B)
Class org.gradle.internal.classpath.ClassPath                                         : loaded 2 times (x 70B)
Class sync_studio_tooling1751_2ye0ati0is39bwucvonwns4si$_run_closure1                 : loaded 2 times (x 139B)
Class com.google.common.base.JdkPattern                                               : loaded 2 times (x 75B)
Class com.google.common.collect.ImmutableList$ReverseImmutableList                    : loaded 2 times (x 209B)
Class org.objectweb.asm.SymbolTable$Entry                                             : loaded 2 times (x 74B)
Class jdk.internal.jimage.ImageStringsReader                                          : loaded 2 times (x 80B)
Class org.objectweb.asm.Edge                                                          : loaded 2 times (x 72B)
Class com.google.common.base.Suppliers$SupplierOfInstance                             : loaded 2 times (x 79B)
Class jdk.internal.jimage.decompressor.StringSharingDecompressorFactory               : loaded 2 times (x 74B)
Class org.gradle.tooling.model.Model                                                  : loaded 2 times (x 70B)
Class sync_studio_tooling1751_2ye0ati0is39bwucvonwns4si                               : loaded 2 times (x 171B)
Class com.google.common.cache.LocalCache$ComputingValueReference                      : loaded 2 times (x 96B)
Class com.google.common.collect.SingletonImmutableSet                                 : loaded 2 times (x 146B)
Class com.google.common.collect.ImmutableMap$IteratorBasedImmutableMap                : loaded 2 times (x 126B)
Class kotlin.UninitializedPropertyAccessException                                     : loaded 2 times (x 82B)
Class jdk.internal.jimage.ImageReader                                                 : loaded 2 times (x 75B)
Class com.google.common.cache.LocalCache$Segment                                      : loaded 2 times (x 154B)
Class jdk.internal.jimage.ImageReader$SharedImageReader                               : loaded 2 times (x 95B)
Class com.google.common.collect.AbstractListMultimap                                  : loaded 2 times (x 172B)
Class [Lorg.objectweb.asm.SymbolTable$Entry;                                          : loaded 2 times (x 69B)
Class com.google.common.cache.CacheLoader                                             : loaded 2 times (x 74B)
Class com.google.common.collect.ImmutableMap$MapViewOfValuesAsSingletonSets           : loaded 2 times (x 126B)
Class com.google.common.collect.ImmutableBiMap                                        : loaded 2 times (x 143B)
Class org.gradle.api.internal.classpath.ModuleRegistry                                : loaded 2 times (x 70B)
Class org.gradle.internal.installation.GradleInstallation$1                           : loaded 2 times (x 75B)
Class jdk.internal.jimage.decompressor.ResourceDecompressorFactory                    : loaded 2 times (x 74B)
Class com.google.common.collect.ImmutableSet$JdkBackedSetBuilderImpl                  : loaded 2 times (x 76B)
Class com.google.common.util.concurrent.internal.InternalFutureFailureAccess          : loaded 2 times (x 72B)
Class com.google.common.collect.RegularImmutableMap                                   : loaded 2 times (x 121B)
Class com.google.common.cache.LocalCache$LocalManualCache$1                           : loaded 2 times (x 75B)
Class com.google.common.base.CharMatcher$ForPredicate                                 : loaded 2 times (x 112B)
Class jdk.internal.jimage.ImageReader$Node                                            : loaded 2 times (x 84B)
Class com.google.common.base.CharMatcher$AnyOf                                        : loaded 2 times (x 112B)
Class org.gradle.api.internal.classpath.ManifestUtil                                  : loaded 2 times (x 71B)
Class org.gradle.api.internal.classpath.DefaultModuleRegistry                         : loaded 2 times (x 86B)
Class jdk.internal.jimage.BasicImageReader$1                                          : loaded 2 times (x 77B)
Class com.google.common.collect.ImmutableList$1                                       : loaded 2 times (x 97B)
Class com.google.common.util.concurrent.ListenableFuture                              : loaded 2 times (x 70B)
Class org.jetbrains.kotlin.build.report.metrics.GradleBuildTime$Companion             : loaded 2 times (x 71B)
Class com.google.common.cache.ReferenceEntry                                          : loaded 2 times (x 70B)
Class com.google.common.base.Converter                                                : loaded 2 times (x 90B)
Class com.google.common.collect.ImmutableSet$CachingAsList                            : loaded 2 times (x 148B)
Class com.google.common.collect.AbstractMapBasedMultimap                              : loaded 2 times (x 139B)
Class com.google.common.util.concurrent.AbstractFuture                                : loaded 2 times (x 106B)
Class com.google.common.base.FunctionalEquivalence                                    : loaded 2 times (x 83B)
Class com.google.common.util.concurrent.ExecutionError                                : loaded 2 times (x 82B)
Class com.google.common.collect.ImmutableEnumSet                                      : loaded 2 times (x 146B)
Class org.objectweb.asm.RecordComponentVisitor                                        : loaded 2 times (x 77B)
Class com.google.common.cache.CacheLoader$SupplierToCacheLoader                       : loaded 2 times (x 75B)
Class jdk.internal.jimage.decompressor.Decompressor                                   : loaded 2 times (x 72B)
Class ijInit1_6l9dy5qe78zimjk27bm4z090c$_run_closure1                                 : loaded 2 times (x 140B)
Class org.gradle.internal.time.MonotonicClock                                         : loaded 2 times (x 77B)
Class org.gradle.internal.service.ServiceLookupException                              : loaded 2 times (x 82B)
Class [Lcom.google.common.cache.LocalCache$EntryFactory;                              : loaded 2 times (x 69B)
Class org.gradle.internal.classloader.ClassLoaderFactory                              : loaded 2 times (x 70B)
Class com.google.common.base.CommonPattern                                            : loaded 2 times (x 74B)
Class com.google.common.cache.LocalCache$LocalManualCache                             : loaded 2 times (x 99B)
Class com.google.common.base.CharMatcher$IsNot                                        : loaded 2 times (x 111B)
Class org.gradle.internal.service.CachingServiceLocator                               : loaded 2 times (x 82B)
Class com.google.common.math.IntMath                                                  : loaded 2 times (x 71B)
Class org.jetbrains.kotlin.build.report.metrics.BuildTime                             : loaded 2 times (x 70B)
Class com.google.common.collect.ImmutableMapEntry                                     : loaded 2 times (x 85B)
Class org.gradle.internal.time.TimeSource                                             : loaded 2 times (x 70B)
Class com.google.common.base.Equivalence                                              : loaded 2 times (x 82B)
Class com.google.common.base.Function                                                 : loaded 2 times (x 70B)
Class com.google.common.collect.ImmutableMapEntry$NonTerminalImmutableMapEntry        : loaded 2 times (x 85B)
Class org.gradle.tooling.internal.gradle.GradleBuildIdentity                          : loaded 2 times (x 70B)
Class kotlin.enums.EnumEntries                                                        : loaded 2 times (x 70B)
Class com.google.common.cache.CacheBuilder$OneWeigher                                 : loaded 2 times (x 82B)
Class com.google.common.collect.RegularImmutableList                                  : loaded 2 times (x 213B)
Class org.gradle.internal.exceptions.ResolutionProvider                               : loaded 2 times (x 70B)
Class jdk.internal.jimage.ImageBufferCache                                            : loaded 2 times (x 71B)
Class jdk.internal.jrtfs.JrtPath                                                      : loaded 2 times (x 118B)
Class org.gradle.tooling.model.ProjectIdentifier                                      : loaded 2 times (x 70B)
Class org.gradle.internal.classloader.ClasspathUtil                                   : loaded 2 times (x 71B)
Class com.google.common.util.concurrent.Uninterruptibles                              : loaded 2 times (x 71B)
Class org.jetbrains.kotlin.tooling.core.HasExtras                                     : loaded 2 times (x 70B)
Class sync_studio_tooling516_6zl4nikqb83d5ljg5fgacc10z                                : loaded 2 times (x 171B)
Class com.google.common.util.concurrent.LazyLogger                                    : loaded 2 times (x 72B)
Class com.google.common.collect.Maps                                                  : loaded 2 times (x 71B)
Class org.gradle.internal.time.TimeSource$1                                           : loaded 2 times (x 77B)
Class kotlin.jvm.internal.DefaultConstructorMarker                                    : loaded 2 times (x 71B)
Class org.gradle.api.specs.Spec                                                       : loaded 2 times (x 70B)
Class [Lcom.google.common.collect.ImmutableEntry;                                     : loaded 2 times (x 69B)
Class com.google.common.cache.LocalCache$LoadingValueReference                        : loaded 2 times (x 96B)
Class jdk.internal.jimage.decompressor.ResourceDecompressorRepository                 : loaded 2 times (x 71B)
Class com.google.common.base.Platform                                                 : loaded 2 times (x 71B)
Class com.intellij.gradle.toolingExtension.impl.model.utilDummyModel.DummyModel       : loaded 2 times (x 70B)
Class org.gradle.internal.time.Clock                                                  : loaded 2 times (x 70B)
Class jdk.internal.jimage.ImageReader$Directory                                       : loaded 2 times (x 84B)
Class [Lorg.objectweb.asm.AnnotationWriter;                                           : loaded 2 times (x 69B)
Class com.google.common.collect.Maps$8                                                : loaded 2 times (x 82B)
Class kotlin.collections.AbstractList                                                 : loaded 2 times (x 197B)
Class kotlin.collections.AbstractCollection                                           : loaded 2 times (x 117B)
Class com.google.common.collect.Sets$SetView                                          : loaded 2 times (x 138B)
Class com.google.common.cache.LocalCache$StrongValueReference                         : loaded 2 times (x 90B)
Class org.jetbrains.kotlin.tooling.core.Extras                                        : loaded 2 times (x 70B)
Class org.objectweb.asm.Type                                                          : loaded 2 times (x 72B)
Class org.gradle.internal.classloader.VisitableURLClassLoader$InstrumentingVisitableURLClassLoader: loaded 2 times (x 123B)
Class com.google.common.math.IntMath$1                                                : loaded 2 times (x 71B)
Class org.objectweb.asm.ByteVector                                                    : loaded 2 times (x 79B)
Class [Lcom.google.common.cache.CacheBuilder$NullListener;                            : loaded 2 times (x 69B)
Class org.gradle.internal.classloader.VisitableURLClassLoader$Spec                    : loaded 2 times (x 74B)
Class org.gradle.internal.classpath.DefaultClassPath                                  : loaded 2 times (x 90B)
Class jdk.internal.jimage.decompressor.ZipDecompressorFactory                         : loaded 2 times (x 74B)
Class org.objectweb.asm.Symbol                                                        : loaded 2 times (x 73B)
Class [Lorg.jetbrains.kotlin.build.report.metrics.GradleBuildTime;                    : loaded 2 times (x 69B)
Class org.gradle.util.internal.DefaultGradleVersion                                   : loaded 2 times (x 82B)
Class com.google.common.base.CharMatcher$BitSetMatcher                                : loaded 2 times (x 112B)
Class com.google.common.collect.RegularImmutableMap$Values                            : loaded 2 times (x 207B)
Class com.google.common.collect.ImmutableSet                                          : loaded 2 times (x 145B)
Class org.gradle.internal.classloader.ClassLoaderSpec                                 : loaded 2 times (x 71B)
Class org.objectweb.asm.AnnotationWriter                                              : loaded 2 times (x 79B)
Class com.google.common.cache.CacheStats                                              : loaded 2 times (x 71B)
Class org.objectweb.asm.RecordComponentWriter                                         : loaded 2 times (x 78B)
Class com.google.common.util.concurrent.AbstractFuture$Listener                       : loaded 2 times (x 72B)
Class com.google.common.base.CharMatcher$Or                                           : loaded 2 times (x 112B)
Class Settings_gradle$1$1                                                             : loaded 2 times (x 74B)
Class org.objectweb.asm.Attribute                                                     : loaded 2 times (x 77B)
Class com.google.common.base.Supplier                                                 : loaded 2 times (x 70B)
Class org.gradle.internal.classloader.VisitableURLClassLoader                         : loaded 2 times (x 117B)
Class Settings_gradle                                                                 : loaded 2 times (x 124B)
Class org.gradle.internal.classloader.ClassLoaderHierarchy                            : loaded 2 times (x 70B)
Class com.google.common.base.CharMatcher$IsEither                                     : loaded 2 times (x 111B)
Class jdk.internal.jimage.decompressor.ZipDecompressor                                : loaded 2 times (x 75B)
Class com.google.common.base.Strings                                                  : loaded 2 times (x 71B)
Class com.google.common.collect.Sets                                                  : loaded 2 times (x 71B)
Class org.objectweb.asm.Handler                                                       : loaded 2 times (x 72B)
Class com.google.common.base.Ticker                                                   : loaded 2 times (x 72B)
Class com.google.common.base.CharMatcher$FastMatcher                                  : loaded 2 times (x 111B)
Class [Lcom.google.common.cache.LocalCache$Segment;                                   : loaded 2 times (x 69B)
Class [Lcom.google.common.cache.LocalCache$Strength;                                  : loaded 2 times (x 69B)
Class com.google.common.cache.CacheBuilder$1                                          : loaded 2 times (x 85B)
Class com.google.common.base.Predicate                                                : loaded 2 times (x 70B)
Class com.google.common.collect.ImmutableMap                                          : loaded 2 times (x 120B)
Class org.gradle.internal.classpath.DefaultClassPath$ImmutableUniqueList$Builder      : loaded 2 times (x 75B)
Class com.google.common.cache.LocalCache                                              : loaded 2 times (x 187B)
Class com.google.common.cache.CacheBuilder$2                                          : loaded 2 times (x 79B)
Class com.google.common.base.CharMatcher$NegatedFastMatcher                           : loaded 2 times (x 113B)
Class com.google.common.collect.ArrayListMultimap                                     : loaded 2 times (x 172B)
Class com.google.common.cache.CacheBuilder$3                                          : loaded 2 times (x 72B)
Class [Lcom.google.common.collect.AbstractMapEntry;                                   : loaded 2 times (x 69B)
Class com.google.common.collect.ImmutableEntry                                        : loaded 2 times (x 82B)
Class jdk.internal.jimage.BasicImageReader                                            : loaded 2 times (x 95B)
Class org.gradle.internal.exceptions.NonGradleCauseExceptionsHolder                   : loaded 2 times (x 70B)
Class jdk.internal.jimage.ImageStrings                                                : loaded 2 times (x 70B)
Class com.google.common.collect.CollectPreconditions                                  : loaded 2 times (x 71B)
Class com.google.common.collect.SortedMapDifference                                   : loaded 2 times (x 70B)
Class com.google.common.cache.LocalCache$EntryFactory                                 : loaded 2 times (x 83B)
Class com.google.common.cache.LocalCache$AbstractReferenceEntry                       : loaded 2 times (x 107B)
Class org.jetbrains.kotlin.tooling.core.HasMutableExtras                              : loaded 2 times (x 70B)
Class org.gradle.internal.classloader.FilteringClassLoader                            : loaded 2 times (x 105B)
Class kotlin.enums.EnumEntriesKt                                                      : loaded 2 times (x 71B)
Class org.objectweb.asm.SymbolTable                                                   : loaded 2 times (x 72B)
Class com.google.common.cache.CacheLoader$InvalidCacheLoadException                   : loaded 2 times (x 82B)
Class com.google.common.collect.ImmutableSet$RegularSetBuilderImpl                    : loaded 2 times (x 77B)
Class org.gradle.internal.classloader.SystemClassLoaderSpec                           : loaded 2 times (x 71B)
Class com.google.common.cache.LocalCache$StrongEntry                                  : loaded 2 times (x 108B)
Class com.google.common.util.concurrent.AbstractFuture$TrustedFuture                  : loaded 2 times (x 114B)
Class com.google.common.cache.LoadingCache                                            : loaded 2 times (x 70B)
Class org.gradle.internal.exceptions.MultiCauseException                              : loaded 2 times (x 70B)
Class org.gradle.internal.time.CountdownTimer                                         : loaded 2 times (x 70B)
Class kotlin.jvm.internal.Intrinsics                                                  : loaded 2 times (x 71B)
Class jdk.internal.jrtfs.JrtFileSystem                                                : loaded 2 times (x 102B)
Class org.objectweb.asm.MethodWriter                                                  : loaded 2 times (x 106B)
Class [Lcom.google.common.cache.Weigher;                                              : loaded 2 times (x 69B)
Class com.google.common.collect.RegularImmutableMap$BucketOverflowException           : loaded 2 times (x 82B)
Class org.gradle.tooling.model.ProjectModel                                           : loaded 2 times (x 70B)
Class sync_studio_tooling1255_79eyixm5ewx05iom9nifx75r7                               : loaded 2 times (x 171B)
Class jdk.internal.jimage.decompressor.CompressedResourceHeader                       : loaded 2 times (x 71B)
Class kotlin.KotlinNullPointerException                                               : loaded 2 times (x 83B)
Class com.google.common.collect.RegularImmutableBiMap                                 : loaded 2 times (x 149B)
Class com.google.common.cache.LocalCache$ValueReference                               : loaded 2 times (x 70B)
Class com.google.common.base.CharMatcher$Negated                                      : loaded 2 times (x 113B)
Class com.google.common.base.CharMatcher$Is                                           : loaded 2 times (x 111B)
Class org.gradle.internal.exceptions.DefaultMultiCauseException                       : loaded 2 times (x 95B)
Class com.google.common.base.PatternCompiler                                          : loaded 2 times (x 70B)
Class com.google.common.util.concurrent.AbstractFuture$Failure                        : loaded 2 times (x 72B)
Class com.google.common.base.Equivalence$Equals                                       : loaded 2 times (x 82B)
Class com.google.common.collect.Hashing                                               : loaded 2 times (x 71B)
Class kotlin.NotImplementedError                                                      : loaded 2 times (x 82B)
Class org.objectweb.asm.Label                                                         : loaded 2 times (x 73B)
Class org.objectweb.asm.CurrentFrame                                                  : loaded 2 times (x 73B)
Class org.objectweb.asm.ClassTooLargeException                                        : loaded 2 times (x 83B)
Class com.google.common.base.CharMatcher                                              : loaded 2 times (x 111B)
Class com.google.common.collect.RegularImmutableMap$KeySet                            : loaded 2 times (x 152B)
Class org.gradle.internal.time.Time                                                   : loaded 2 times (x 71B)
Class org.objectweb.asm.Frame                                                         : loaded 2 times (x 73B)
Class org.objectweb.asm.MethodVisitor                                                 : loaded 2 times (x 105B)
Class com.google.common.cache.LocalCache$EntryFactory$1                               : loaded 2 times (x 83B)
Class [Lcom.google.common.cache.RemovalListener;                                      : loaded 2 times (x 69B)
Class com.google.common.base.CharMatcher$1                                            : loaded 2 times (x 113B)
Class com.google.common.base.CharMatcher$NamedFastMatcher                             : loaded 2 times (x 112B)
Class com.google.common.cache.LocalCache$EntryFactory$2                               : loaded 2 times (x 83B)
Class org.gradle.api.internal.classpath.GlobalCacheRootsProvider                      : loaded 2 times (x 70B)
Class org.objectweb.asm.ModuleWriter                                                  : loaded 2 times (x 82B)
Class com.google.common.cache.LocalCache$EntryFactory$3                               : loaded 2 times (x 83B)
Class com.google.common.base.Ticker$1                                                 : loaded 2 times (x 72B)
Class com.google.common.collect.Maps$BiMapConverter                                   : loaded 2 times (x 90B)
Class com.google.common.collect.ImmutableMapEntrySet$RegularEntrySet                  : loaded 2 times (x 152B)
Class org.gradle.tooling.model.BuildIdentifier                                        : loaded 2 times (x 70B)
Class kotlin.NoWhenBranchMatchedException                                             : loaded 2 times (x 82B)
Class com.google.common.collect.ImmutableSet$Builder                                  : loaded 2 times (x 85B)
Class com.google.common.cache.LocalCache$EntryFactory$4                               : loaded 2 times (x 83B)
Class com.google.common.base.CharMatcher$InRange                                      : loaded 2 times (x 111B)
Class com.google.common.cache.LocalCache$EntryFactory$5                               : loaded 2 times (x 83B)
Class sync_studio_tooling1255_79eyixm5ewx05iom9nifx75r7$_run_closure1                 : loaded 2 times (x 139B)
Class com.google.common.base.Equivalence$Identity                                     : loaded 2 times (x 82B)
Class com.google.common.cache.LocalCache$EntryFactory$6                               : loaded 2 times (x 83B)
Class org.gradle.internal.time.Timer                                                  : loaded 2 times (x 70B)
Class kotlin.jvm.internal.markers.KMappedMarker                                       : loaded 2 times (x 70B)
Class org.gradle.internal.installation.CurrentGradleInstallationLocator               : loaded 2 times (x 71B)
Class com.google.common.collect.ImmutableSet$EmptySetBuilderImpl                      : loaded 2 times (x 76B)
Class com.google.common.cache.LocalCache$EntryFactory$7                               : loaded 2 times (x 83B)
Class com.google.common.collect.ImmutableAsList                                       : loaded 2 times (x 209B)
Class org.gradle.internal.service.DefaultServiceLocator                               : loaded 2 times (x 83B)
Class com.google.common.cache.LocalCache$EntryFactory$8                               : loaded 2 times (x 83B)
Class com.google.common.collect.ImmutableSet$SetBuilderImpl                           : loaded 2 times (x 76B)
Class org.gradle.util.GradleVersion                                                   : loaded 2 times (x 81B)
Class org.gradle.internal.installation.CurrentGradleInstallation                      : loaded 2 times (x 73B)
Class com.google.common.cache.CacheLoader$1                                           : loaded 2 times (x 75B)
Class com.google.common.collect.ImmutableList$SubList                                 : loaded 2 times (x 209B)
Class org.gradle.util.internal.GUtil                                                  : loaded 2 times (x 71B)
Class com.google.common.cache.AbstractCache$StatsCounter                              : loaded 2 times (x 70B)
Class com.google.common.base.PairwiseEquivalence                                      : loaded 2 times (x 83B)
Class com.google.common.collect.RegularImmutableSet                                   : loaded 2 times (x 149B)
Class org.gradle.internal.installation.GradleInstallation                             : loaded 2 times (x 75B)
Class jdk.internal.jimage.decompressor.ResourceDecompressor$StringsProvider           : loaded 2 times (x 70B)
Class sync_studio_tooling516_6zl4nikqb83d5ljg5fgacc10z$_run_closure1                  : loaded 2 times (x 139B)

---------------  S Y S T E M  ---------------

OS:
 Windows 11 , 64 bit Build 26100 (10.0.26100.8115)
OS uptime: 0 days 20:09 hours
Hyper-V role detected

CPU: total 8 (initial active 8) (4 cores per cpu, 2 threads per core) family 6 model 142 stepping 12 microcode 0x100, cx8, cmov, fxsr, ht, mmx, 3dnowpref, sse, sse2, sse3, ssse3, sse4.1, sse4.2, popcnt, lzcnt, tsc, tscinvbit, avx, avx2, aes, erms, clmul, bmi1, bmi2, adx, fma, vzeroupper, clflush, clflushopt, hv, rdtscp, f16c
Processor Information for processor 0
  Max Mhz: 1800, Current Mhz: 1500, Mhz Limit: 1584
Processor Information for processor 1
  Max Mhz: 1800, Current Mhz: 1600, Mhz Limit: 1584
Processor Information for processor 2
  Max Mhz: 1800, Current Mhz: 1500, Mhz Limit: 1584
Processor Information for processor 3
  Max Mhz: 1800, Current Mhz: 1500, Mhz Limit: 1584
Processor Information for processor 4
  Max Mhz: 1800, Current Mhz: 1500, Mhz Limit: 1584
Processor Information for processor 5
  Max Mhz: 1800, Current Mhz: 1500, Mhz Limit: 1584
Processor Information for processor 6
  Max Mhz: 1800, Current Mhz: 1500, Mhz Limit: 1584
Processor Information for processor 7
  Max Mhz: 1800, Current Mhz: 1600, Mhz Limit: 1584

Memory: 4k page, system-wide physical 7964M (753M free)
TotalPageFile size 12032M (AvailPageFile size 22M)
current process WorkingSet (physical memory assigned to process): 601M, peak: 602M
current process commit charge ("private bytes"): 725M, peak: 785M

vm_info: OpenJDK 64-Bit Server VM (21.0.9+-14649483-b1163.86) for windows-amd64 JRE (21.0.9+-14649483-b1163.86), built on 2025-12-30T22:08:35Z by "builder" with MS VC++ 16.10 / 16.11 (VS2019)

END.
